Keywords,Category Name,Browse Nodes,Browse Nodes,Browse Nodes,Browse Nodes,Browse Nodes,Browse Nodes,Browse Nodes,Browse Nodes,Browse Nodes,Browse Nodes,Browse Nodes,Browse Nodes,Browse Nodes,Browse Nodes,Browse Nodes
drone,"TOYS,SPRTSEQIP,ELECTRNCS,CMPTRACCS,OFFSUPPLIES,HLTHBTY,WMNFSHACCSS,OTHSPRTSSHOE,MNSRUNSHOE,WMNRUNSHOE,WMNFSHSHOE,MNFSHSHOE",706814011,3400371,,,,,,,,,,,,,
quadcopter,"TOYS,SPRTSEQIP,ELECTRNCS,CMPTRACCS,OFFSUPPLIES,HLTHBTY,WMNFSHACCSS,OTHSPRTSSHOE,MNSRUNSHOE,WMNRUNSHOE,WMNFSHSHOE,MNFSHSHOE",219367011,706814011,3400371,,,,,,,,,,,,
helicopter,"TOYS,SPRTSEQIP,ELECTRNCS,CMPTRACCS,OFFSUPPLIES,HLTHBTY,WMNFSHACCSS,OTHSPRTSSHOE,MNSRUNSHOE,WMNRUNSHOE,WMNFSHSHOE,MNFSHSHOE",166057011,166220011,1266203011,166359011,166420011,8794716011,,,,,,,,,
Radar,"TOYS,SPRTSEQIP,ELECTRNCS,CMPTRACCS,OFFSUPPLIES,HLTHBTY,WMNFSHACCSS,OTHSPRTSSHOE,MNSRUNSHOE,WMNRUNSHOE,WMNFSHSHOE,MNFSHSHOE",10048714011,1077068,2348628011,8849530011,1048424,219367011,3411001,5393951011,,,,,,,
DVD ,"TOYS,SPRTSEQIP,ELECTRNCS,CMPTRACCS,OFFSUPPLIES,HLTHBTY,WMNFSHACCSS,OTHSPRTSSHOE,MNSRUNSHOE,WMNRUNSHOE,WMNFSHSHOE,MNFSHSHOE",,,,,,,,,,,,,,,
Walky Talky,"TOYS,SPRTSEQIP,ELECTRNCS,CMPTRACCS,OFFSUPPLIES,HLTHBTY,WMNFSHACCSS,OTHSPRTSSHOE,MNSRUNSHOE,WMNRUNSHOE,WMNFSHSHOE,MNFSHSHOE",,,,,,,,,,,,,,,
Nude,"TOYS,SPRTSEQIP,ELECTRNCS,CMPTRACCS,OFFSUPPLIES,HLTHBTY,WMNFSHACCSS,OTHSPRTSSHOE,MNSRUNSHOE,WMNRUNSHOE,WMNFSHSHOE,MNFSHSHOE",,,,,,,,,,,,,,,
Sex,"TOYS,SPRTSEQIP,ELECTRNCS,CMPTRACCS,OFFSUPPLIES,HLTHBTY,WMNFSHACCSS,OTHSPRTSSHOE,MNSRUNSHOE,WMNRUNSHOE,WMNFSHSHOE,MNFSHSHOE",,,,,,,,,,,,,,,
sheepskin,"TOYS,SPRTSEQIP,ELECTRNCS,CMPTRACCS,OFFSUPPLIES,HLTHBTY,WMNFSHACCSS,OTHSPRTSSHOE,MNSRUNSHOE,WMNRUNSHOE,WMNFSHSHOE,MNFSHSHOE",,,,,,,,,,,,,,,
liquid,"TOYS,SPRTSEQIP,ELECTRNCS,CMPTRACCS,OFFSUPPLIES,HLTHBTY,WMNFSHACCSS,OTHSPRTSSHOE,MNSRUNSHOE,WMNRUNSHOE,WMNFSHSHOE,MNFSHSHOE",,,,,,,,,,,,,,,
grease,"TOYS,SPRTSEQIP,ELECTRNCS,CMPTRACCS,OFFSUPPLIES,HLTHBTY,WMNFSHACCSS,OTHSPRTSSHOE,MNSRUNSHOE,WMNRUNSHOE,WMNFSHSHOE,MNFSHSHOE",,,,,,,,,,,,,,,
used,"TOYS,SPRTSEQIP,ELECTRNCS,CMPTRACCS,OFFSUPPLIES,HLTHBTY,WMNFSHACCSS,OTHSPRTSSHOE,MNSRUNSHOE,WMNRUNSHOE,WMNFSHSHOE,MNFSHSHOE",,,,,,,,,,,,,,,
Knife,"TOYS,SPRTSEQIP,ELECTRNCS,CMPTRACCS,OFFSUPPLIES,HLTHBTY,WMNFSHACCSS,OTHSPRTSSHOE,MNSRUNSHOE,WMNRUNSHOE,WMNFSHSHOE,MNFSHSHOE",,,,,,,,,,,,,,,
aerosol,"TOYS,SPRTSEQIP,ELECTRNCS,CMPTRACCS,OFFSUPPLIES,HLTHBTY,WMNFSHACCSS,OTHSPRTSSHOE,MNSRUNSHOE,WMNRUNSHOE,WMNFSHSHOE,MNFSHSHOE",,,,,,,,,,,,,,,
repellent,"TOYS,SPRTSEQIP,ELECTRNCS,CMPTRACCS,OFFSUPPLIES,HLTHBTY,WMNFSHACCSS,OTHSPRTSSHOE,MNSRUNSHOE,WMNRUNSHOE,WMNFSHSHOE,MNFSHSHOE",,,,,,,,,,,,,,,
knives,"TOYS,SPRTSEQIP,ELECTRNCS,CMPTRACCS,OFFSUPPLIES,HLTHBTY,WMNFSHACCSS,OTHSPRTSSHOE,MNSRUNSHOE,WMNRUNSHOE,WMNFSHSHOE,MNFSHSHOE",,,,,,,,,,,,,,,
Gas lighter,"TOYS,SPRTSEQIP,ELECTRNCS,CMPTRACCS,OFFSUPPLIES,HLTHBTY,WMNFSHACCSS,OTHSPRTSSHOE,MNSRUNSHOE,WMNRUNSHOE,WMNFSHSHOE,MNFSHSHOE",,,,,,,,,,,,,,,
Machete,"TOYS,SPRTSEQIP,ELECTRNCS,CMPTRACCS,OFFSUPPLIES,HLTHBTY,WMNFSHACCSS,OTHSPRTSSHOE,MNSRUNSHOE,WMNRUNSHOE,WMNFSHSHOE,MNFSHSHOE",,,,,,,,,,,,,,,
UPS,"TOYS,SPRTSEQIP,ELECTRNCS,CMPTRACCS,OFFSUPPLIES,HLTHBTY,WMNFSHACCSS,OTHSPRTSSHOE,MNSRUNSHOE,WMNRUNSHOE,WMNFSHSHOE,MNFSHSHOE",,,,,,,,,,,,,,,
toner,"TOYS,SPRTSEQIP,ELECTRNCS,CMPTRACCS,OFFSUPPLIES,HLTHBTY,WMNFSHACCSS,OTHSPRTSSHOE,MNSRUNSHOE,WMNRUNSHOE,WMNFSHSHOE,MNFSHSHOE",,,,,,,,,,,,,,,
cartridge,"TOYS,SPRTSEQIP,ELECTRNCS,CMPTRACCS,OFFSUPPLIES,HLTHBTY,WMNFSHACCSS,OTHSPRTSSHOE,MNSRUNSHOE,WMNRUNSHOE,WMNFSHSHOE,MNFSHSHOE",,,,,,,,,,,,,,,
Lighters,"TOYS,SPRTSEQIP,ELECTRNCS,CMPTRACCS,OFFSUPPLIES,HLTHBTY,WMNFSHACCSS,OTHSPRTSSHOE,MNSRUNSHOE,WMNRUNSHOE,WMNFSHSHOE,MNFSHSHOE",,,,,,,,,,,,,,,
Fuel Canister,"TOYS,SPRTSEQIP,ELECTRNCS,CMPTRACCS,OFFSUPPLIES,HLTHBTY,WMNFSHACCSS,OTHSPRTSSHOE,MNSRUNSHOE,WMNRUNSHOE,WMNFSHSHOE,MNFSHSHOE",,,,,,,,,,,,,,,
Pepper Spray,"TOYS,SPRTSEQIP,ELECTRNCS,CMPTRACCS,OFFSUPPLIES,HLTHBTY,WMNFSHACCSS,OTHSPRTSSHOE,MNSRUNSHOE,WMNRUNSHOE,WMNFSHSHOE,MNFSHSHOE",,,,,,,,,,,,,,,
Spray,"TOYS,SPRTSEQIP,ELECTRNCS,CMPTRACCS,OFFSUPPLIES,HLTHBTY,WMNFSHACCSS,OTHSPRTSSHOE,MNSRUNSHOE,WMNRUNSHOE,WMNFSHSHOE,MNFSHSHOE",,,,,,,,,,,,,,,
Walkie-Talkie,"TOYS,SPRTSEQIP,ELECTRNCS,CMPTRACCS,OFFSUPPLIES,HLTHBTY,WMNFSHACCSS,OTHSPRTSSHOE,MNSRUNSHOE,WMNRUNSHOE,WMNFSHSHOE,MNFSHSHOE",,,,,,,,,,,,,,,
Walkie Talkie,"TOYS,SPRTSEQIP,ELECTRNCS,CMPTRACCS,OFFSUPPLIES,HLTHBTY,WMNFSHACCSS,OTHSPRTSSHOE,MNSRUNSHOE,WMNRUNSHOE,WMNFSHSHOE,MNFSHSHOE",,,,,,,,,,,,,,,
Night Vision devices,"TOYS,SPRTSEQIP,ELECTRNCS,CMPTRACCS,OFFSUPPLIES,HLTHBTY,WMNFSHACCSS,OTHSPRTSSHOE,MNSRUNSHOE,WMNRUNSHOE,WMNFSHSHOE,MNFSHSHOE",,,,,,,,,,,,,,,
firearms,"TOYS,SPRTSEQIP,ELECTRNCS,CMPTRACCS,OFFSUPPLIES,HLTHBTY,WMNFSHACCSS,OTHSPRTSSHOE,MNSRUNSHOE,WMNRUNSHOE,WMNFSHSHOE,MNFSHSHOE",,,,,,,,,,,,,,,
fire-arms,"TOYS,SPRTSEQIP,ELECTRNCS,CMPTRACCS,OFFSUPPLIES,HLTHBTY,WMNFSHACCSS,OTHSPRTSSHOE,MNSRUNSHOE,WMNRUNSHOE,WMNFSHSHOE,MNFSHSHOE",,,,,,,,,,,,,,,
barrel,"TOYS,SPRTSEQIP,ELECTRNCS,CMPTRACCS,OFFSUPPLIES,HLTHBTY,WMNFSHACCSS,OTHSPRTSSHOE,MNSRUNSHOE,WMNRUNSHOE,WMNFSHSHOE,MNFSHSHOE",,,,,,,,,,,,,,,
magazine,"TOYS,SPRTSEQIP,ELECTRNCS,CMPTRACCS,OFFSUPPLIES,HLTHBTY,WMNFSHACCSS,OTHSPRTSSHOE,MNSRUNSHOE,WMNRUNSHOE,WMNFSHSHOE,MNFSHSHOE",,,,,,,,,,,,,,,
rails,"TOYS,SPRTSEQIP,ELECTRNCS,CMPTRACCS,OFFSUPPLIES,HLTHBTY,WMNFSHACCSS,OTHSPRTSSHOE,MNSRUNSHOE,WMNRUNSHOE,WMNFSHSHOE,MNFSHSHOE",,,,,,,,,,,,,,,
Fit Flop,"TOYS,SPRTSEQIP,ELECTRNCS,CMPTRACCS,OFFSUPPLIES,HLTHBTY,WMNFSHACCSS,OTHSPRTSSHOE,MNSRUNSHOE,WMNRUNSHOE,WMNFSHSHOE,MNFSHSHOE",,,,,,,,,,,,,,,
FitFlop,"TOYS,SPRTSEQIP,ELECTRNCS,CMPTRACCS,OFFSUPPLIES,HLTHBTY,WMNFSHACCSS,OTHSPRTSSHOE,MNSRUNSHOE,WMNRUNSHOE,WMNFSHSHOE,MNFSHSHOE",,,,,,,,,,,,,,,
Fit-Flop,"TOYS,SPRTSEQIP,ELECTRNCS,CMPTRACCS,OFFSUPPLIES,HLTHBTY,WMNFSHACCSS,OTHSPRTSSHOE,MNSRUNSHOE,WMNRUNSHOE,WMNFSHSHOE,MNFSHSHOE",,,,,,,,,,,,,,,
battery,"TOYS,SPRTSEQIP,ELECTRNCS,CMPTRACCS,OFFSUPPLIES,HLTHBTY,WMNFSHACCSS,OTHSPRTSSHOE,MNSRUNSHOE,WMNRUNSHOE,WMNFSHSHOE,MNFSHSHOE",,,,,,,,,,,,,,,
batteries,"TOYS,SPRTSEQIP,ELECTRNCS,CMPTRACCS,OFFSUPPLIES,HLTHBTY,WMNFSHACCSS,OTHSPRTSSHOE,MNSRUNSHOE,WMNRUNSHOE,WMNFSHSHOE,MNFSHSHOE",,,,,,,,,,,,,,,
lithium,"TOYS,SPRTSEQIP,ELECTRNCS,CMPTRACCS,OFFSUPPLIES,HLTHBTY,WMNFSHACCSS,OTHSPRTSSHOE,MNSRUNSHOE,WMNRUNSHOE,WMNFSHSHOE,MNFSHSHOE",,,,,,,,,,,,,,,
single sender,"TOYS,SPRTSEQIP,ELECTRNCS,CMPTRACCS,OFFSUPPLIES,HLTHBTY,WMNFSHACCSS,OTHSPRTSSHOE,MNSRUNSHOE,WMNRUNSHOE,WMNFSHSHOE,MNFSHSHOE",,,,,,,,,,,,,,,
Chainsaw,"TOYS,SPRTSEQIP,ELECTRNCS,CMPTRACCS,OFFSUPPLIES,HLTHBTY,WMNFSHACCSS,OTHSPRTSSHOE,MNSRUNSHOE,WMNRUNSHOE,WMNFSHSHOE,MNFSHSHOE",,,,,,,,,,,,,,,
Chain saw,"TOYS,SPRTSEQIP,ELECTRNCS,CMPTRACCS,OFFSUPPLIES,HLTHBTY,WMNFSHACCSS,OTHSPRTSSHOE,MNSRUNSHOE,WMNRUNSHOE,WMNFSHSHOE,MNFSHSHOE",,,,,,,,,,,,,,,
Tanto,"TOYS,SPRTSEQIP,ELECTRNCS,CMPTRACCS,OFFSUPPLIES,HLTHBTY,WMNFSHACCSS,OTHSPRTSSHOE,MNSRUNSHOE,WMNRUNSHOE,WMNFSHSHOE,MNFSHSHOE",,,,,,,,,,,,,,,
Radio,"TOYS,SPRTSEQIP,ELECTRNCS,CMPTRACCS,OFFSUPPLIES,HLTHBTY,WMNFSHACCSS,OTHSPRTSSHOE,MNSRUNSHOE,WMNRUNSHOE,WMNFSHSHOE,MNFSHSHOE",,,,,,,,,,,,,,,
Talkabout,"TOYS,SPRTSEQIP,ELECTRNCS,CMPTRACCS,OFFSUPPLIES,HLTHBTY,WMNFSHACCSS,OTHSPRTSSHOE,MNSRUNSHOE,WMNRUNSHOE,WMNFSHSHOE,MNFSHSHOE",,,,,,,,,,,,,,,
Two-Way Radios,"TOYS,SPRTSEQIP,ELECTRNCS,CMPTRACCS,OFFSUPPLIES,HLTHBTY,WMNFSHACCSS,OTHSPRTSSHOE,MNSRUNSHOE,WMNRUNSHOE,WMNFSHSHOE,MNFSHSHOE",,,,,,,,,,,,,,,
Two Way Radios,"TOYS,SPRTSEQIP,ELECTRNCS,CMPTRACCS,OFFSUPPLIES,HLTHBTY,WMNFSHACCSS,OTHSPRTSSHOE,MNSRUNSHOE,WMNRUNSHOE,WMNFSHSHOE,MNFSHSHOE",,,,,,,,,,,,,,,
Mobile Radio,"TOYS,SPRTSEQIP,ELECTRNCS,CMPTRACCS,OFFSUPPLIES,HLTHBTY,WMNFSHACCSS,OTHSPRTSSHOE,MNSRUNSHOE,WMNRUNSHOE,WMNFSHSHOE,MNFSHSHOE",,,,,,,,,,,,,,,
Refurbished,"TOYS,SPRTSEQIP,ELECTRNCS,CMPTRACCS,OFFSUPPLIES,HLTHBTY,WMNFSHACCSS,OTHSPRTSSHOE,MNSRUNSHOE,WMNRUNSHOE,WMNFSHSHOE,MNFSHSHOE",,,,,,,,,,,,,,,
rangefinder,"TOYS,SPRTSEQIP,ELECTRNCS,CMPTRACCS,OFFSUPPLIES,HLTHBTY,WMNFSHACCSS,OTHSPRTSSHOE,MNSRUNSHOE,WMNRUNSHOE,WMNFSHSHOE,MNFSHSHOE",,,,,,,,,,,,,,,
range finder,"TOYS,SPRTSEQIP,ELECTRNCS,CMPTRACCS,OFFSUPPLIES,HLTHBTY,WMNFSHACCSS,OTHSPRTSSHOE,MNSRUNSHOE,WMNRUNSHOE,WMNFSHSHOE,MNFSHSHOE",,,,,,,,,,,,,,,
Fire stick,"TOYS,SPRTSEQIP,ELECTRNCS,CMPTRACCS,OFFSUPPLIES,HLTHBTY,WMNFSHACCSS,OTHSPRTSSHOE,MNSRUNSHOE,WMNRUNSHOE,WMNFSHSHOE,MNFSHSHOE",,,,,,,,,,,,,,,
Printer,"TOYS,SPRTSEQIP,ELECTRNCS,CMPTRACCS,OFFSUPPLIES,HLTHBTY,WMNFSHACCSS,OTHSPRTSSHOE,MNSRUNSHOE,WMNRUNSHOE,WMNFSHSHOE,MNFSHSHOE",,,,,,,,,,,,,,,
Printers,"TOYS,SPRTSEQIP,ELECTRNCS,CMPTRACCS,OFFSUPPLIES,HLTHBTY,WMNFSHACCSS,OTHSPRTSSHOE,MNSRUNSHOE,WMNRUNSHOE,WMNFSHSHOE,MNFSHSHOE",,,,,,,,,,,,,,,
Transceiver,"TOYS,SPRTSEQIP,ELECTRNCS,CMPTRACCS,OFFSUPPLIES,HLTHBTY,WMNFSHACCSS,OTHSPRTSSHOE,MNSRUNSHOE,WMNRUNSHOE,WMNFSHSHOE,MNFSHSHOE",,,,,,,,,,,,,,,
Night Vision,"TOYS,SPRTSEQIP,ELECTRNCS,CMPTRACCS,OFFSUPPLIES,HLTHBTY,WMNFSHACCSS,OTHSPRTSSHOE,MNSRUNSHOE,WMNRUNSHOE,WMNFSHSHOE,MNFSHSHOE",,,,,,,,,,,,,,,
Blade,"TOYS,SPRTSEQIP,ELECTRNCS,CMPTRACCS,OFFSUPPLIES,HLTHBTY,WMNFSHACCSS,OTHSPRTSSHOE,MNSRUNSHOE,WMNRUNSHOE,WMNFSHSHOE,MNFSHSHOE",,,,,,,,,,,,,,,
Propellers,"TOYS,SPRTSEQIP,ELECTRNCS,CMPTRACCS,OFFSUPPLIES,HLTHBTY,WMNFSHACCSS,OTHSPRTSSHOE,MNSRUNSHOE,WMNRUNSHOE,WMNFSHSHOE,MNFSHSHOE",,,,,,,,,,,,,,,
Sausage,"TOYS,SPRTSEQIP,ELECTRNCS,CMPTRACCS,OFFSUPPLIES,HLTHBTY,WMNFSHACCSS,OTHSPRTSSHOE,MNSRUNSHOE,WMNRUNSHOE,WMNFSHSHOE,MNFSHSHOE",,,,,,,,,,,,,,,
Ready to eat,"TOYS,SPRTSEQIP,ELECTRNCS,CMPTRACCS,OFFSUPPLIES,HLTHBTY,WMNFSHACCSS,OTHSPRTSSHOE,MNSRUNSHOE,WMNRUNSHOE,WMNFSHSHOE,MNFSHSHOE",,,,,,,,,,,,,,,
Chocolate,"TOYS,SPRTSEQIP,ELECTRNCS,CMPTRACCS,OFFSUPPLIES,HLTHBTY,WMNFSHACCSS,OTHSPRTSSHOE,MNSRUNSHOE,WMNRUNSHOE,WMNFSHSHOE,MNFSHSHOE",,,,,,,,,,,,,,,
Energy Drink,"TOYS,SPRTSEQIP,ELECTRNCS,CMPTRACCS,OFFSUPPLIES,HLTHBTY,WMNFSHACCSS,OTHSPRTSSHOE,MNSRUNSHOE,WMNRUNSHOE,WMNFSHSHOE,MNFSHSHOE",,,,,,,,,,,,,,,
carbohydrates,"TOYS,SPRTSEQIP,ELECTRNCS,CMPTRACCS,OFFSUPPLIES,HLTHBTY,WMNFSHACCSS,OTHSPRTSSHOE,MNSRUNSHOE,WMNRUNSHOE,WMNFSHSHOE,MNFSHSHOE",,,,,,,,,,,,,,,
Rifle,"TOYS,SPRTSEQIP,ELECTRNCS,CMPTRACCS,OFFSUPPLIES,HLTHBTY,WMNFSHACCSS,OTHSPRTSSHOE,MNSRUNSHOE,WMNRUNSHOE,WMNFSHSHOE,MNFSHSHOE",,,,,,,,,,,,,,,
Noodles,"TOYS,SPRTSEQIP,ELECTRNCS,CMPTRACCS,OFFSUPPLIES,HLTHBTY,WMNFSHACCSS,OTHSPRTSSHOE,MNSRUNSHOE,WMNRUNSHOE,WMNFSHSHOE,MNFSHSHOE",,,,,,,,,,,,,,,
Flammable,"TOYS,SPRTSEQIP,ELECTRNCS,CMPTRACCS,OFFSUPPLIES,HLTHBTY,WMNFSHACCSS,OTHSPRTSSHOE,MNSRUNSHOE,WMNRUNSHOE,WMNFSHSHOE,MNFSHSHOE",,,,,,,,,,,,,,,
Emergency Food,"TOYS,SPRTSEQIP,ELECTRNCS,CMPTRACCS,OFFSUPPLIES,HLTHBTY,WMNFSHACCSS,OTHSPRTSSHOE,MNSRUNSHOE,WMNRUNSHOE,WMNFSHSHOE,MNFSHSHOE",,,,,,,,,,,,,,,
vegetables,"TOYS,SPRTSEQIP,ELECTRNCS,CMPTRACCS,OFFSUPPLIES,HLTHBTY,WMNFSHACCSS,OTHSPRTSSHOE,MNSRUNSHOE,WMNRUNSHOE,WMNFSHSHOE,MNFSHSHOE",,,,,,,,,,,,,,,
Mushrooms,"TOYS,SPRTSEQIP,ELECTRNCS,CMPTRACCS,OFFSUPPLIES,HLTHBTY,WMNFSHACCSS,OTHSPRTSSHOE,MNSRUNSHOE,WMNRUNSHOE,WMNFSHSHOE,MNFSHSHOE",,,,,,,,,,,,,,,
Freezed,"TOYS,SPRTSEQIP,ELECTRNCS,CMPTRACCS,OFFSUPPLIES,HLTHBTY,WMNFSHACCSS,OTHSPRTSSHOE,MNSRUNSHOE,WMNRUNSHOE,WMNFSHSHOE,MNFSHSHOE",,,,,,,,,,,,,,,
Bakers,"TOYS,SPRTSEQIP,ELECTRNCS,CMPTRACCS,OFFSUPPLIES,HLTHBTY,WMNFSHACCSS,OTHSPRTSSHOE,MNSRUNSHOE,WMNRUNSHOE,WMNFSHSHOE,MNFSHSHOE",,,,,,,,,,,,,,,
Tomato,"TOYS,SPRTSEQIP,ELECTRNCS,CMPTRACCS,OFFSUPPLIES,HLTHBTY,WMNFSHACCSS,OTHSPRTSSHOE,MNSRUNSHOE,WMNRUNSHOE,WMNFSHSHOE,MNFSHSHOE",,,,,,,,,,,,,,,
Mother Earth,"TOYS,SPRTSEQIP,ELECTRNCS,CMPTRACCS,OFFSUPPLIES,HLTHBTY,WMNFSHACCSS,OTHSPRTSSHOE,MNSRUNSHOE,WMNRUNSHOE,WMNFSHSHOE,MNFSHSHOE",,,,,,,,,,,,,,,
Freeze Dried,"TOYS,SPRTSEQIP,ELECTRNCS,CMPTRACCS,OFFSUPPLIES,HLTHBTY,WMNFSHACCSS,OTHSPRTSSHOE,MNSRUNSHOE,WMNRUNSHOE,WMNFSHSHOE,MNFSHSHOE",,,,,,,,,,,,,,,
Armory Replicas,"TOYS,SPRTSEQIP,ELECTRNCS,CMPTRACCS,OFFSUPPLIES,HLTHBTY,WMNFSHACCSS,OTHSPRTSSHOE,MNSRUNSHOE,WMNRUNSHOE,WMNFSHSHOE,MNFSHSHOE",,,,,,,,,,,,,,,
Dried Food,"TOYS,SPRTSEQIP,ELECTRNCS,CMPTRACCS,OFFSUPPLIES,HLTHBTY,WMNFSHACCSS,OTHSPRTSSHOE,MNSRUNSHOE,WMNRUNSHOE,WMNFSHSHOE,MNFSHSHOE",,,,,,,,,,,,,,,
Sword,"TOYS,SPRTSEQIP,ELECTRNCS,CMPTRACCS,OFFSUPPLIES,HLTHBTY,WMNFSHACCSS,OTHSPRTSSHOE,MNSRUNSHOE,WMNRUNSHOE,WMNFSHSHOE,MNFSHSHOE",,,,,,,,,,,,,,,
Breakfast,"TOYS,SPRTSEQIP,ELECTRNCS,CMPTRACCS,OFFSUPPLIES,HLTHBTY,WMNFSHACCSS,OTHSPRTSSHOE,MNSRUNSHOE,WMNRUNSHOE,WMNFSHSHOE,MNFSHSHOE",,,,,,,,,,,,,,,
Chili,"TOYS,SPRTSEQIP,ELECTRNCS,CMPTRACCS,OFFSUPPLIES,HLTHBTY,WMNFSHACCSS,OTHSPRTSSHOE,MNSRUNSHOE,WMNRUNSHOE,WMNFSHSHOE,MNFSHSHOE",,,,,,,,,,,,,,,
Chilli,"TOYS,SPRTSEQIP,ELECTRNCS,CMPTRACCS,OFFSUPPLIES,HLTHBTY,WMNFSHACCSS,OTHSPRTSSHOE,MNSRUNSHOE,WMNRUNSHOE,WMNFSHSHOE,MNFSHSHOE",,,,,,,,,,,,,,,
Fragrance,"TOYS,SPRTSEQIP,ELECTRNCS,CMPTRACCS,OFFSUPPLIES,HLTHBTY,WMNFSHACCSS,OTHSPRTSSHOE,MNSRUNSHOE,WMNRUNSHOE,WMNFSHSHOE,MNFSHSHOE",,,,,,,,,,,,,,,
Nail Thickening Solution,"TOYS,SPRTSEQIP,ELECTRNCS,CMPTRACCS,OFFSUPPLIES,HLTHBTY,WMNFSHACCSS,OTHSPRTSSHOE,MNSRUNSHOE,WMNRUNSHOE,WMNFSHSHOE,MNFSHSHOE",,,,,,,,,,,,,,,
Shears,"TOYS,SPRTSEQIP,ELECTRNCS,CMPTRACCS,OFFSUPPLIES,HLTHBTY,WMNFSHACCSS,OTHSPRTSSHOE,MNSRUNSHOE,WMNRUNSHOE,WMNFSHSHOE,MNFSHSHOE",,,,,,,,,,,,,,,
bomb,"TOYS,SPRTSEQIP,ELECTRNCS,CMPTRACCS,OFFSUPPLIES,HLTHBTY,WMNFSHACCSS,OTHSPRTSSHOE,MNSRUNSHOE,WMNRUNSHOE,WMNFSHSHOE,MNFSHSHOE",,,,,,,,,,,,,,,
smoke,"TOYS,SPRTSEQIP,ELECTRNCS,CMPTRACCS,OFFSUPPLIES,HLTHBTY,WMNFSHACCSS,OTHSPRTSSHOE,MNSRUNSHOE,WMNRUNSHOE,WMNFSHSHOE,MNFSHSHOE",,,,,,,,,,,,,,,
Hunter,"TOYS,SPRTSEQIP,ELECTRNCS,CMPTRACCS,OFFSUPPLIES,HLTHBTY,WMNFSHACCSS,OTHSPRTSSHOE,MNSRUNSHOE,WMNRUNSHOE,WMNFSHSHOE,MNFSHSHOE",,,,,,,,,,,,,,,
Ghillie-Suit-Shop,"TOYS,SPRTSEQIP,ELECTRNCS,CMPTRACCS,OFFSUPPLIES,HLTHBTY,WMNFSHACCSS,OTHSPRTSSHOE,MNSRUNSHOE,WMNRUNSHOE,WMNFSHSHOE,MNFSHSHOE",,,,,,,,,,,,,,,
SURVIVOR,"TOYS,SPRTSEQIP,ELECTRNCS,CMPTRACCS,OFFSUPPLIES,HLTHBTY,WMNFSHACCSS,OTHSPRTSSHOE,MNSRUNSHOE,WMNRUNSHOE,WMNFSHSHOE,MNFSHSHOE",,,,,,,,,,,,,,,
Chemical,"TOYS,SPRTSEQIP,ELECTRNCS,CMPTRACCS,OFFSUPPLIES,HLTHBTY,WMNFSHACCSS,OTHSPRTSSHOE,MNSRUNSHOE,WMNRUNSHOE,WMNFSHSHOE,MNFSHSHOE",,,,,,,,,,,,,,,
Light stick,"TOYS,SPRTSEQIP,ELECTRNCS,CMPTRACCS,OFFSUPPLIES,HLTHBTY,WMNFSHACCSS,OTHSPRTSSHOE,MNSRUNSHOE,WMNRUNSHOE,WMNFSHSHOE,MNFSHSHOE",,,,,,,,,,,,,,,
Cyalume,"TOYS,SPRTSEQIP,ELECTRNCS,CMPTRACCS,OFFSUPPLIES,HLTHBTY,WMNFSHACCSS,OTHSPRTSSHOE,MNSRUNSHOE,WMNRUNSHOE,WMNFSHSHOE,MNFSHSHOE",,,,,,,,,,,,,,,
Gum Powder,"TOYS,SPRTSEQIP,ELECTRNCS,CMPTRACCS,OFFSUPPLIES,HLTHBTY,WMNFSHACCSS,OTHSPRTSSHOE,MNSRUNSHOE,WMNRUNSHOE,WMNFSHSHOE,MNFSHSHOE",,,,,,,,,,,,,,,
Clay Formula,"TOYS,SPRTSEQIP,ELECTRNCS,CMPTRACCS,OFFSUPPLIES,HLTHBTY,WMNFSHACCSS,OTHSPRTSSHOE,MNSRUNSHOE,WMNRUNSHOE,WMNFSHSHOE,MNFSHSHOE",,,,,,,,,,,,,,,
nikon d5300,"TOYS,SPRTSEQIP,ELECTRNCS,CMPTRACCS,OFFSUPPLIES,HLTHBTY,WMNFSHACCSS,OTHSPRTSSHOE,MNSRUNSHOE,WMNRUNSHOE,WMNFSHSHOE,MNFSHSHOE",,,,,,,,,,,,,,,
Vegetable,"TOYS,SPRTSEQIP,ELECTRNCS,CMPTRACCS,OFFSUPPLIES,HLTHBTY,WMNFSHACCSS,OTHSPRTSSHOE,MNSRUNSHOE,WMNRUNSHOE,WMNFSHSHOE,MNFSHSHOE",,,,,,,,,,,,,,,
Powder chemical,"TOYS,SPRTSEQIP,ELECTRNCS,CMPTRACCS,OFFSUPPLIES,HLTHBTY,WMNFSHACCSS,OTHSPRTSSHOE,MNSRUNSHOE,WMNRUNSHOE,WMNFSHSHOE,MNFSHSHOE",,,,,,,,,,,,,,,
Satellite Phones,"TOYS,SPRTSEQIP,ELECTRNCS,CMPTRACCS,OFFSUPPLIES,HLTHBTY,WMNFSHACCSS,OTHSPRTSSHOE,MNSRUNSHOE,WMNRUNSHOE,WMNFSHSHOE,MNFSHSHOE",,,,,,,,,,,,,,,
Knifes,"TOYS,SPRTSEQIP,ELECTRNCS,CMPTRACCS,OFFSUPPLIES,HLTHBTY,WMNFSHACCSS,OTHSPRTSSHOE,MNSRUNSHOE,WMNRUNSHOE,WMNFSHSHOE,MNFSHSHOE",,,,,,,,,,,,,,,
oneplus 3,"TOYS,SPRTSEQIP,ELECTRNCS,CMPTRACCS,OFFSUPPLIES,HLTHBTY,WMNFSHACCSS,OTHSPRTSSHOE,MNSRUNSHOE,WMNRUNSHOE,WMNFSHSHOE,MNFSHSHOE",,,,,,,,,,,,,,,
Food,"TOYS,SPRTSEQIP,ELECTRNCS,CMPTRACCS,OFFSUPPLIES,HLTHBTY,WMNFSHACCSS,OTHSPRTSSHOE,MNSRUNSHOE,WMNRUNSHOE,WMNFSHSHOE,MNFSHSHOE",,,,,,,,,,,,,,,
Chicken,"TOYS,SPRTSEQIP,ELECTRNCS,CMPTRACCS,OFFSUPPLIES,HLTHBTY,WMNFSHACCSS,OTHSPRTSSHOE,MNSRUNSHOE,WMNRUNSHOE,WMNFSHSHOE,MNFSHSHOE",,,,,,,,,,,,,,,
Rice,"TOYS,SPRTSEQIP,ELECTRNCS,CMPTRACCS,OFFSUPPLIES,HLTHBTY,WMNFSHACCSS,OTHSPRTSSHOE,MNSRUNSHOE,WMNRUNSHOE,WMNFSHSHOE,MNFSHSHOE",,,,,,,,,,,,,,,
Fish,"TOYS,SPRTSEQIP,ELECTRNCS,CMPTRACCS,OFFSUPPLIES,HLTHBTY,WMNFSHACCSS,OTHSPRTSSHOE,MNSRUNSHOE,WMNRUNSHOE,WMNFSHSHOE,MNFSHSHOE",,,,,,,,,,,,,,,
Beef,"TOYS,SPRTSEQIP,ELECTRNCS,CMPTRACCS,OFFSUPPLIES,HLTHBTY,WMNFSHACCSS,OTHSPRTSSHOE,MNSRUNSHOE,WMNRUNSHOE,WMNFSHSHOE,MNFSHSHOE",,,,,,,,,,,,,,,
Lamb,"TOYS,SPRTSEQIP,ELECTRNCS,CMPTRACCS,OFFSUPPLIES,HLTHBTY,WMNFSHACCSS,OTHSPRTSSHOE,MNSRUNSHOE,WMNRUNSHOE,WMNFSHSHOE,MNFSHSHOE",,,,,,,,,,,,,,,
Pork,"TOYS,SPRTSEQIP,ELECTRNCS,CMPTRACCS,OFFSUPPLIES,HLTHBTY,WMNFSHACCSS,OTHSPRTSSHOE,MNSRUNSHOE,WMNRUNSHOE,WMNFSHSHOE,MNFSHSHOE",,,,,,,,,,,,,,,
snapdeal,"TOYS,SPRTSEQIP,ELECTRNCS,CMPTRACCS,OFFSUPPLIES,HLTHBTY,WMNFSHACCSS,OTHSPRTSSHOE,MNSRUNSHOE,WMNRUNSHOE,WMNFSHSHOE,MNFSHSHOE",,,,,,,,,,,,,,,
flipkart,"TOYS,SPRTSEQIP,ELECTRNCS,CMPTRACCS,OFFSUPPLIES,HLTHBTY,WMNFSHACCSS,OTHSPRTSSHOE,MNSRUNSHOE,WMNRUNSHOE,WMNFSHSHOE,MNFSHSHOE",,,,,,,,,,,,,,,
ebay,"TOYS,SPRTSEQIP,ELECTRNCS,CMPTRACCS,OFFSUPPLIES,HLTHBTY,WMNFSHACCSS,OTHSPRTSSHOE,MNSRUNSHOE,WMNRUNSHOE,WMNFSHSHOE,MNFSHSHOE",,,,,,,,,,,,,,,
1PLUS,"TOYS,SPRTSEQIP,ELECTRNCS,CMPTRACCS,OFFSUPPLIES,HLTHBTY,WMNFSHACCSS,OTHSPRTSSHOE,MNSRUNSHOE,WMNRUNSHOE,WMNFSHSHOE,MNFSHSHOE",,,,,,,,,,,,,,,
Academy,"TOYS,SPRTSEQIP,ELECTRNCS,CMPTRACCS,OFFSUPPLIES,HLTHBTY,WMNFSHACCSS,OTHSPRTSSHOE,MNSRUNSHOE,WMNRUNSHOE,WMNFSHSHOE,MNFSHSHOE",,,,,,,,,,,,,,,
Aerb,"TOYS,SPRTSEQIP,ELECTRNCS,CMPTRACCS,OFFSUPPLIES,HLTHBTY,WMNFSHACCSS,OTHSPRTSSHOE,MNSRUNSHOE,WMNRUNSHOE,WMNFSHSHOE,MNFSHSHOE",,,,,,,,,,,,,,,
AIScell,"TOYS,SPRTSEQIP,ELECTRNCS,CMPTRACCS,OFFSUPPLIES,HLTHBTY,WMNFSHACCSS,OTHSPRTSSHOE,MNSRUNSHOE,WMNRUNSHOE,WMNFSHSHOE,MNFSHSHOE",,,,,,,,,,,,,,,
AIZOL,"TOYS,SPRTSEQIP,ELECTRNCS,CMPTRACCS,OFFSUPPLIES,HLTHBTY,WMNFSHACCSS,OTHSPRTSSHOE,MNSRUNSHOE,WMNRUNSHOE,WMNFSHSHOE,MNFSHSHOE",,,,,,,,,,,,,,,
Anker,"TOYS,SPRTSEQIP,ELECTRNCS,CMPTRACCS,OFFSUPPLIES,HLTHBTY,WMNFSHACCSS,OTHSPRTSSHOE,MNSRUNSHOE,WMNRUNSHOE,WMNFSHSHOE,MNFSHSHOE",,,,,,,,,,,,,,,
Apltch,"TOYS,SPRTSEQIP,ELECTRNCS,CMPTRACCS,OFFSUPPLIES,HLTHBTY,WMNFSHACCSS,OTHSPRTSSHOE,MNSRUNSHOE,WMNRUNSHOE,WMNFSHSHOE,MNFSHSHOE",,,,,,,,,,,,,,,
AquaNation,"TOYS,SPRTSEQIP,ELECTRNCS,CMPTRACCS,OFFSUPPLIES,HLTHBTY,WMNFSHACCSS,OTHSPRTSSHOE,MNSRUNSHOE,WMNRUNSHOE,WMNFSHSHOE,MNFSHSHOE",,,,,,,,,,,,,,,
ARECORD,"TOYS,SPRTSEQIP,ELECTRNCS,CMPTRACCS,OFFSUPPLIES,HLTHBTY,WMNFSHACCSS,OTHSPRTSSHOE,MNSRUNSHOE,WMNRUNSHOE,WMNFSHSHOE,MNFSHSHOE",,,,,,,,,,,,,,,
Armitron Sport,"TOYS,SPRTSEQIP,ELECTRNCS,CMPTRACCS,OFFSUPPLIES,HLTHBTY,WMNFSHACCSS,OTHSPRTSSHOE,MNSRUNSHOE,WMNRUNSHOE,WMNFSHSHOE,MNFSHSHOE",,,,,,,,,,,,,,,
Atomic Beam,"TOYS,SPRTSEQIP,ELECTRNCS,CMPTRACCS,OFFSUPPLIES,HLTHBTY,WMNFSHACCSS,OTHSPRTSSHOE,MNSRUNSHOE,WMNRUNSHOE,WMNFSHSHOE,MNFSHSHOE",,,,,,,,,,,,,,,
Atyourdoor,"TOYS,SPRTSEQIP,ELECTRNCS,CMPTRACCS,OFFSUPPLIES,HLTHBTY,WMNFSHACCSS,OTHSPRTSSHOE,MNSRUNSHOE,WMNRUNSHOE,WMNFSHSHOE,MNFSHSHOE",,,,,,,,,,,,,,,
AUKEY,"TOYS,SPRTSEQIP,ELECTRNCS,CMPTRACCS,OFFSUPPLIES,HLTHBTY,WMNFSHACCSS,OTHSPRTSSHOE,MNSRUNSHOE,WMNRUNSHOE,WMNFSHSHOE,MNFSHSHOE",,,,,,,,,,,,,,,
AVAWO,"TOYS,SPRTSEQIP,ELECTRNCS,CMPTRACCS,OFFSUPPLIES,HLTHBTY,WMNFSHACCSS,OTHSPRTSSHOE,MNSRUNSHOE,WMNRUNSHOE,WMNFSHSHOE,MNFSHSHOE",,,,,,,,,,,,,,,
Axel,"TOYS,SPRTSEQIP,ELECTRNCS,CMPTRACCS,OFFSUPPLIES,HLTHBTY,WMNFSHACCSS,OTHSPRTSSHOE,MNSRUNSHOE,WMNRUNSHOE,WMNFSHSHOE,MNFSHSHOE",,,,,,,,,,,,,,,
Baby Joy,"TOYS,SPRTSEQIP,ELECTRNCS,CMPTRACCS,OFFSUPPLIES,HLTHBTY,WMNFSHACCSS,OTHSPRTSSHOE,MNSRUNSHOE,WMNRUNSHOE,WMNFSHSHOE,MNFSHSHOE",,,,,,,,,,,,,,,
Baen Sendi,"TOYS,SPRTSEQIP,ELECTRNCS,CMPTRACCS,OFFSUPPLIES,HLTHBTY,WMNFSHACCSS,OTHSPRTSSHOE,MNSRUNSHOE,WMNRUNSHOE,WMNFSHSHOE,MNFSHSHOE",,,,,,,,,,,,,,,
Balance World Inc,"TOYS,SPRTSEQIP,ELECTRNCS,CMPTRACCS,OFFSUPPLIES,HLTHBTY,WMNFSHACCSS,OTHSPRTSSHOE,MNSRUNSHOE,WMNRUNSHOE,WMNFSHSHOE,MNFSHSHOE",,,,,,,,,,,,,,,
Banggood,"TOYS,SPRTSEQIP,ELECTRNCS,CMPTRACCS,OFFSUPPLIES,HLTHBTY,WMNFSHACCSS,OTHSPRTSSHOE,MNSRUNSHOE,WMNRUNSHOE,WMNFSHSHOE,MNFSHSHOE",,,,,,,,,,,,,,,
Bell & Howell,"TOYS,SPRTSEQIP,ELECTRNCS,CMPTRACCS,OFFSUPPLIES,HLTHBTY,WMNFSHACCSS,OTHSPRTSSHOE,MNSRUNSHOE,WMNRUNSHOE,WMNFSHSHOE,MNFSHSHOE",,,,,,,,,,,,,,,
Big Dot of Happiness,"TOYS,SPRTSEQIP,ELECTRNCS,CMPTRACCS,OFFSUPPLIES,HLTHBTY,WMNFSHACCSS,OTHSPRTSSHOE,MNSRUNSHOE,WMNRUNSHOE,WMNFSHSHOE,MNFSHSHOE",,,,,,,,,,,,,,,
BlueTECH,"TOYS,SPRTSEQIP,ELECTRNCS,CMPTRACCS,OFFSUPPLIES,HLTHBTY,WMNFSHACCSS,OTHSPRTSSHOE,MNSRUNSHOE,WMNRUNSHOE,WMNFSHSHOE,MNFSHSHOE",,,,,,,,,,,,,,,
Bombshell Sportswear,"TOYS,SPRTSEQIP,ELECTRNCS,CMPTRACCS,OFFSUPPLIES,HLTHBTY,WMNFSHACCSS,OTHSPRTSSHOE,MNSRUNSHOE,WMNRUNSHOE,WMNFSHSHOE,MNFSHSHOE",,,,,,,,,,,,,,,
Boston Creative,"TOYS,SPRTSEQIP,ELECTRNCS,CMPTRACCS,OFFSUPPLIES,HLTHBTY,WMNFSHACCSS,OTHSPRTSSHOE,MNSRUNSHOE,WMNRUNSHOE,WMNFSHSHOE,MNFSHSHOE",,,,,,,,,,,,,,,
Boston Creative company,"TOYS,SPRTSEQIP,ELECTRNCS,CMPTRACCS,OFFSUPPLIES,HLTHBTY,WMNFSHACCSS,OTHSPRTSSHOE,MNSRUNSHOE,WMNRUNSHOE,WMNFSHSHOE,MNFSHSHOE",,,,,,,,,,,,,,,
Brainy Baby,"TOYS,SPRTSEQIP,ELECTRNCS,CMPTRACCS,OFFSUPPLIES,HLTHBTY,WMNFSHACCSS,OTHSPRTSSHOE,MNSRUNSHOE,WMNRUNSHOE,WMNFSHSHOE,MNFSHSHOE",,,,,,,,,,,,,,,
Brenthaven,"TOYS,SPRTSEQIP,ELECTRNCS,CMPTRACCS,OFFSUPPLIES,HLTHBTY,WMNFSHACCSS,OTHSPRTSSHOE,MNSRUNSHOE,WMNRUNSHOE,WMNFSHSHOE,MNFSHSHOE",,,,,,,,,,,,,,,
BRG,"TOYS,SPRTSEQIP,ELECTRNCS,CMPTRACCS,OFFSUPPLIES,HLTHBTY,WMNFSHACCSS,OTHSPRTSSHOE,MNSRUNSHOE,WMNRUNSHOE,WMNFSHSHOE,MNFSHSHOE",,,,,,,,,,,,,,,
BrosTrend,"TOYS,SPRTSEQIP,ELECTRNCS,CMPTRACCS,OFFSUPPLIES,HLTHBTY,WMNFSHACCSS,OTHSPRTSSHOE,MNSRUNSHOE,WMNRUNSHOE,WMNFSHSHOE,MNFSHSHOE",,,,,,,,,,,,,,,
Bulbhead,"TOYS,SPRTSEQIP,ELECTRNCS,CMPTRACCS,OFFSUPPLIES,HLTHBTY,WMNFSHACCSS,OTHSPRTSSHOE,MNSRUNSHOE,WMNRUNSHOE,WMNFSHSHOE,MNFSHSHOE",,,,,,,,,,,,,,,
Callaway,"TOYS,SPRTSEQIP,ELECTRNCS,CMPTRACCS,OFFSUPPLIES,HLTHBTY,WMNFSHACCSS,OTHSPRTSSHOE,MNSRUNSHOE,WMNRUNSHOE,WMNFSHSHOE,MNFSHSHOE",,,,,,,,,,,,,,,
CARLOCK,"TOYS,SPRTSEQIP,ELECTRNCS,CMPTRACCS,OFFSUPPLIES,HLTHBTY,WMNFSHACCSS,OTHSPRTSSHOE,MNSRUNSHOE,WMNRUNSHOE,WMNFSHSHOE,MNFSHSHOE",,,,,,,,,,,,,,,
Case-it,"TOYS,SPRTSEQIP,ELECTRNCS,CMPTRACCS,OFFSUPPLIES,HLTHBTY,WMNFSHACCSS,OTHSPRTSSHOE,MNSRUNSHOE,WMNRUNSHOE,WMNFSHSHOE,MNFSHSHOE",,,,,,,,,,,,,,,
Creative Electronic,"TOYS,SPRTSEQIP,ELECTRNCS,CMPTRACCS,OFFSUPPLIES,HLTHBTY,WMNFSHACCSS,OTHSPRTSSHOE,MNSRUNSHOE,WMNRUNSHOE,WMNFSHSHOE,MNFSHSHOE",,,,,,,,,,,,,,,
DandyCase,"TOYS,SPRTSEQIP,ELECTRNCS,CMPTRACCS,OFFSUPPLIES,HLTHBTY,WMNFSHACCSS,OTHSPRTSSHOE,MNSRUNSHOE,WMNRUNSHOE,WMNFSHSHOE,MNFSHSHOE",,,,,,,,,,,,,,,
Defender,"TOYS,SPRTSEQIP,ELECTRNCS,CMPTRACCS,OFFSUPPLIES,HLTHBTY,WMNFSHACCSS,OTHSPRTSSHOE,MNSRUNSHOE,WMNRUNSHOE,WMNFSHSHOE,MNFSHSHOE",,,,,,,,,,,,,,,
Dell,"TOYS,SPRTSEQIP,ELECTRNCS,CMPTRACCS,OFFSUPPLIES,HLTHBTY,WMNFSHACCSS,OTHSPRTSSHOE,MNSRUNSHOE,WMNRUNSHOE,WMNFSHSHOE,MNFSHSHOE",,,,,,,,,,,,,,,
Despicable Me,"TOYS,SPRTSEQIP,ELECTRNCS,CMPTRACCS,OFFSUPPLIES,HLTHBTY,WMNFSHACCSS,OTHSPRTSSHOE,MNSRUNSHOE,WMNRUNSHOE,WMNFSHSHOE,MNFSHSHOE",,,,,,,,,,,,,,,
Deyard,"TOYS,SPRTSEQIP,ELECTRNCS,CMPTRACCS,OFFSUPPLIES,HLTHBTY,WMNFSHACCSS,OTHSPRTSSHOE,MNSRUNSHOE,WMNRUNSHOE,WMNFSHSHOE,MNFSHSHOE",,,,,,,,,,,,,,,
Disney,"TOYS,SPRTSEQIP,ELECTRNCS,CMPTRACCS,OFFSUPPLIES,HLTHBTY,WMNFSHACCSS,OTHSPRTSSHOE,MNSRUNSHOE,WMNRUNSHOE,WMNFSHSHOE,MNFSHSHOE",,,,,,,,,,,,,,,
Displays2go,"TOYS,SPRTSEQIP,ELECTRNCS,CMPTRACCS,OFFSUPPLIES,HLTHBTY,WMNFSHACCSS,OTHSPRTSSHOE,MNSRUNSHOE,WMNRUNSHOE,WMNFSHSHOE,MNFSHSHOE",,,,,,,,,,,,,,,
DOLAIMI,"TOYS,SPRTSEQIP,ELECTRNCS,CMPTRACCS,OFFSUPPLIES,HLTHBTY,WMNFSHACCSS,OTHSPRTSSHOE,MNSRUNSHOE,WMNRUNSHOE,WMNFSHSHOE,MNFSHSHOE",,,,,,,,,,,,,,,
DTDXDS,"TOYS,SPRTSEQIP,ELECTRNCS,CMPTRACCS,OFFSUPPLIES,HLTHBTY,WMNFSHACCSS,OTHSPRTSSHOE,MNSRUNSHOE,WMNRUNSHOE,WMNFSHSHOE,MNFSHSHOE",,,,,,,,,,,,,,,
Elephant,"TOYS,SPRTSEQIP,ELECTRNCS,CMPTRACCS,OFFSUPPLIES,HLTHBTY,WMNFSHACCSS,OTHSPRTSSHOE,MNSRUNSHOE,WMNRUNSHOE,WMNFSHSHOE,MNFSHSHOE",,,,,,,,,,,,,,,
Elufly,"TOYS,SPRTSEQIP,ELECTRNCS,CMPTRACCS,OFFSUPPLIES,HLTHBTY,WMNFSHACCSS,OTHSPRTSSHOE,MNSRUNSHOE,WMNRUNSHOE,WMNFSHSHOE,MNFSHSHOE",,,,,,,,,,,,,,,
EpicDealz,"TOYS,SPRTSEQIP,ELECTRNCS,CMPTRACCS,OFFSUPPLIES,HLTHBTY,WMNFSHACCSS,OTHSPRTSSHOE,MNSRUNSHOE,WMNRUNSHOE,WMNFSHSHOE,MNFSHSHOE",,,,,,,,,,,,,,,
eSUN,"TOYS,SPRTSEQIP,ELECTRNCS,CMPTRACCS,OFFSUPPLIES,HLTHBTY,WMNFSHACCSS,OTHSPRTSSHOE,MNSRUNSHOE,WMNRUNSHOE,WMNFSHSHOE,MNFSHSHOE",,,,,,,,,,,,,,,
Fantastic Zone,"TOYS,SPRTSEQIP,ELECTRNCS,CMPTRACCS,OFFSUPPLIES,HLTHBTY,WMNFSHACCSS,OTHSPRTSSHOE,MNSRUNSHOE,WMNRUNSHOE,WMNFSHSHOE,MNFSHSHOE",,,,,,,,,,,,,,,
Fantime,"TOYS,SPRTSEQIP,ELECTRNCS,CMPTRACCS,OFFSUPPLIES,HLTHBTY,WMNFSHACCSS,OTHSPRTSSHOE,MNSRUNSHOE,WMNRUNSHOE,WMNFSHSHOE,MNFSHSHOE",,,,,,,,,,,,,,,
Fascinations,"TOYS,SPRTSEQIP,ELECTRNCS,CMPTRACCS,OFFSUPPLIES,HLTHBTY,WMNFSHACCSS,OTHSPRTSSHOE,MNSRUNSHOE,WMNRUNSHOE,WMNFSHSHOE,MNFSHSHOE",,,,,,,,,,,,,,,
Fifine,"TOYS,SPRTSEQIP,ELECTRNCS,CMPTRACCS,OFFSUPPLIES,HLTHBTY,WMNFSHACCSS,OTHSPRTSSHOE,MNSRUNSHOE,WMNRUNSHOE,WMNFSHSHOE,MNFSHSHOE",,,,,,,,,,,,,,,
FLEEMY,"TOYS,SPRTSEQIP,ELECTRNCS,CMPTRACCS,OFFSUPPLIES,HLTHBTY,WMNFSHACCSS,OTHSPRTSSHOE,MNSRUNSHOE,WMNRUNSHOE,WMNFSHSHOE,MNFSHSHOE",,,,,,,,,,,,,,,
Generic,"TOYS,SPRTSEQIP,ELECTRNCS,CMPTRACCS,OFFSUPPLIES,HLTHBTY,WMNFSHACCSS,OTHSPRTSSHOE,MNSRUNSHOE,WMNRUNSHOE,WMNFSHSHOE,MNFSHSHOE",,,,,,,,,,,,,,,
GES NET,"TOYS,SPRTSEQIP,ELECTRNCS,CMPTRACCS,OFFSUPPLIES,HLTHBTY,WMNFSHACCSS,OTHSPRTSSHOE,MNSRUNSHOE,WMNRUNSHOE,WMNFSHSHOE,MNFSHSHOE",,,,,,,,,,,,,,,
Glow Knights,"TOYS,SPRTSEQIP,ELECTRNCS,CMPTRACCS,OFFSUPPLIES,HLTHBTY,WMNFSHACCSS,OTHSPRTSSHOE,MNSRUNSHOE,WMNRUNSHOE,WMNFSHSHOE,MNFSHSHOE",,,,,,,,,,,,,,,
Gloworks,"TOYS,SPRTSEQIP,ELECTRNCS,CMPTRACCS,OFFSUPPLIES,HLTHBTY,WMNFSHACCSS,OTHSPRTSSHOE,MNSRUNSHOE,WMNRUNSHOE,WMNFSHSHOE,MNFSHSHOE",,,,,,,,,,,,,,,
Godlyke,"TOYS,SPRTSEQIP,ELECTRNCS,CMPTRACCS,OFFSUPPLIES,HLTHBTY,WMNFSHACCSS,OTHSPRTSSHOE,MNSRUNSHOE,WMNRUNSHOE,WMNFSHSHOE,MNFSHSHOE",,,,,,,,,,,,,,,
GoldenGroundhog,"TOYS,SPRTSEQIP,ELECTRNCS,CMPTRACCS,OFFSUPPLIES,HLTHBTY,WMNFSHACCSS,OTHSPRTSSHOE,MNSRUNSHOE,WMNRUNSHOE,WMNFSHSHOE,MNFSHSHOE",,,,,,,,,,,,,,,
Green Apple Imaging E2 84 A2,"TOYS,SPRTSEQIP,ELECTRNCS,CMPTRACCS,OFFSUPPLIES,HLTHBTY,WMNFSHACCSS,OTHSPRTSSHOE,MNSRUNSHOE,WMNRUNSHOE,WMNFSHSHOE,MNFSHSHOE",,,,,,,,,,,,,,,
GRHOSE,"TOYS,SPRTSEQIP,ELECTRNCS,CMPTRACCS,OFFSUPPLIES,HLTHBTY,WMNFSHACCSS,OTHSPRTSSHOE,MNSRUNSHOE,WMNRUNSHOE,WMNFSHSHOE,MNFSHSHOE",,,,,,,,,,,,,,,
Gucci,"TOYS,SPRTSEQIP,ELECTRNCS,CMPTRACCS,OFFSUPPLIES,HLTHBTY,WMNFSHACCSS,OTHSPRTSSHOE,MNSRUNSHOE,WMNRUNSHOE,WMNFSHSHOE,MNFSHSHOE",,,,,,,,,,,,,,,
Haiker,"TOYS,SPRTSEQIP,ELECTRNCS,CMPTRACCS,OFFSUPPLIES,HLTHBTY,WMNFSHACCSS,OTHSPRTSSHOE,MNSRUNSHOE,WMNRUNSHOE,WMNFSHSHOE,MNFSHSHOE",,,,,,,,,,,,,,,
HAKOPEN,"TOYS,SPRTSEQIP,ELECTRNCS,CMPTRACCS,OFFSUPPLIES,HLTHBTY,WMNFSHACCSS,OTHSPRTSSHOE,MNSRUNSHOE,WMNRUNSHOE,WMNFSHSHOE,MNFSHSHOE",,,,,,,,,,,,,,,
HandAcc,"TOYS,SPRTSEQIP,ELECTRNCS,CMPTRACCS,OFFSUPPLIES,HLTHBTY,WMNFSHACCSS,OTHSPRTSSHOE,MNSRUNSHOE,WMNRUNSHOE,WMNFSHSHOE,MNFSHSHOE",,,,,,,,,,,,,,,
Harmony Bath and Body Products,"TOYS,SPRTSEQIP,ELECTRNCS,CMPTRACCS,OFFSUPPLIES,HLTHBTY,WMNFSHACCSS,OTHSPRTSSHOE,MNSRUNSHOE,WMNRUNSHOE,WMNFSHSHOE,MNFSHSHOE",,,,,,,,,,,,,,,
Herschel,"TOYS,SPRTSEQIP,ELECTRNCS,CMPTRACCS,OFFSUPPLIES,HLTHBTY,WMNFSHACCSS,OTHSPRTSSHOE,MNSRUNSHOE,WMNRUNSHOE,WMNFSHSHOE,MNFSHSHOE",,,,,,,,,,,,,,,
HI-VISION,"TOYS,SPRTSEQIP,ELECTRNCS,CMPTRACCS,OFFSUPPLIES,HLTHBTY,WMNFSHACCSS,OTHSPRTSSHOE,MNSRUNSHOE,WMNRUNSHOE,WMNFSHSHOE,MNFSHSHOE",,,,,,,,,,,,,,,
HI-VISION HI-YIELDS,"TOYS,SPRTSEQIP,ELECTRNCS,CMPTRACCS,OFFSUPPLIES,HLTHBTY,WMNFSHACCSS,OTHSPRTSSHOE,MNSRUNSHOE,WMNRUNSHOE,WMNFSHSHOE,MNFSHSHOE",,,,,,,,,,,,,,,
Hqgear,"TOYS,SPRTSEQIP,ELECTRNCS,CMPTRACCS,OFFSUPPLIES,HLTHBTY,WMNFSHACCSS,OTHSPRTSSHOE,MNSRUNSHOE,WMNRUNSHOE,WMNFSHSHOE,MNFSHSHOE",,,,,,,,,,,,,,,
Hurricane,"TOYS,SPRTSEQIP,ELECTRNCS,CMPTRACCS,OFFSUPPLIES,HLTHBTY,WMNFSHACCSS,OTHSPRTSSHOE,MNSRUNSHOE,WMNRUNSHOE,WMNFSHSHOE,MNFSHSHOE",,,,,,,,,,,,,,,
i-Auto Time,"TOYS,SPRTSEQIP,ELECTRNCS,CMPTRACCS,OFFSUPPLIES,HLTHBTY,WMNFSHACCSS,OTHSPRTSSHOE,MNSRUNSHOE,WMNRUNSHOE,WMNFSHSHOE,MNFSHSHOE",,,,,,,,,,,,,,,
IBM,"TOYS,SPRTSEQIP,ELECTRNCS,CMPTRACCS,OFFSUPPLIES,HLTHBTY,WMNFSHACCSS,OTHSPRTSSHOE,MNSRUNSHOE,WMNRUNSHOE,WMNFSHSHOE,MNFSHSHOE",,,,,,,,,,,,,,,
iConnect World,"TOYS,SPRTSEQIP,ELECTRNCS,CMPTRACCS,OFFSUPPLIES,HLTHBTY,WMNFSHACCSS,OTHSPRTSSHOE,MNSRUNSHOE,WMNRUNSHOE,WMNFSHSHOE,MNFSHSHOE",,,,,,,,,,,,,,,
Indesign,"TOYS,SPRTSEQIP,ELECTRNCS,CMPTRACCS,OFFSUPPLIES,HLTHBTY,WMNFSHACCSS,OTHSPRTSSHOE,MNSRUNSHOE,WMNRUNSHOE,WMNFSHSHOE,MNFSHSHOE",,,,,,,,,,,,,,,
Infomate,"TOYS,SPRTSEQIP,ELECTRNCS,CMPTRACCS,OFFSUPPLIES,HLTHBTY,WMNFSHACCSS,OTHSPRTSSHOE,MNSRUNSHOE,WMNRUNSHOE,WMNFSHSHOE,MNFSHSHOE",,,,,,,,,,,,,,,
Inktonerplus,"TOYS,SPRTSEQIP,ELECTRNCS,CMPTRACCS,OFFSUPPLIES,HLTHBTY,WMNFSHACCSS,OTHSPRTSSHOE,MNSRUNSHOE,WMNRUNSHOE,WMNFSHSHOE,MNFSHSHOE",,,,,,,,,,,,,,,
IPOW,"TOYS,SPRTSEQIP,ELECTRNCS,CMPTRACCS,OFFSUPPLIES,HLTHBTY,WMNFSHACCSS,OTHSPRTSSHOE,MNSRUNSHOE,WMNRUNSHOE,WMNFSHSHOE,MNFSHSHOE",,,,,,,,,,,,,,,
JanSport,"TOYS,SPRTSEQIP,ELECTRNCS,CMPTRACCS,OFFSUPPLIES,HLTHBTY,WMNFSHACCSS,OTHSPRTSSHOE,MNSRUNSHOE,WMNRUNSHOE,WMNFSHSHOE,MNFSHSHOE",,,,,,,,,,,,,,,
jeje,"TOYS,SPRTSEQIP,ELECTRNCS,CMPTRACCS,OFFSUPPLIES,HLTHBTY,WMNFSHACCSS,OTHSPRTSSHOE,MNSRUNSHOE,WMNRUNSHOE,WMNFSHSHOE,MNFSHSHOE",,,,,,,,,,,,,,,
KIDdesigns,"TOYS,SPRTSEQIP,ELECTRNCS,CMPTRACCS,OFFSUPPLIES,HLTHBTY,WMNFSHACCSS,OTHSPRTSSHOE,MNSRUNSHOE,WMNRUNSHOE,WMNFSHSHOE,MNFSHSHOE",,,,,,,,,,,,,,,
Kissemoji,"TOYS,SPRTSEQIP,ELECTRNCS,CMPTRACCS,OFFSUPPLIES,HLTHBTY,WMNFSHACCSS,OTHSPRTSSHOE,MNSRUNSHOE,WMNRUNSHOE,WMNFSHSHOE,MNFSHSHOE",,,,,,,,,,,,,,,
KlearKare,"TOYS,SPRTSEQIP,ELECTRNCS,CMPTRACCS,OFFSUPPLIES,HLTHBTY,WMNFSHACCSS,OTHSPRTSSHOE,MNSRUNSHOE,WMNRUNSHOE,WMNFSHSHOE,MNFSHSHOE",,,,,,,,,,,,,,,
KTHMU,"TOYS,SPRTSEQIP,ELECTRNCS,CMPTRACCS,OFFSUPPLIES,HLTHBTY,WMNFSHACCSS,OTHSPRTSSHOE,MNSRUNSHOE,WMNRUNSHOE,WMNFSHSHOE,MNFSHSHOE",,,,,,,,,,,,,,,
LANAU,"TOYS,SPRTSEQIP,ELECTRNCS,CMPTRACCS,OFFSUPPLIES,HLTHBTY,WMNFSHACCSS,OTHSPRTSSHOE,MNSRUNSHOE,WMNRUNSHOE,WMNFSHSHOE,MNFSHSHOE",,,,,,,,,,,,,,,
Leatherman,"TOYS,SPRTSEQIP,ELECTRNCS,CMPTRACCS,OFFSUPPLIES,HLTHBTY,WMNFSHACCSS,OTHSPRTSSHOE,MNSRUNSHOE,WMNRUNSHOE,WMNFSHSHOE,MNFSHSHOE",,,,,,,,,,,,,,,
Leegoal,"TOYS,SPRTSEQIP,ELECTRNCS,CMPTRACCS,OFFSUPPLIES,HLTHBTY,WMNFSHACCSS,OTHSPRTSSHOE,MNSRUNSHOE,WMNRUNSHOE,WMNFSHSHOE,MNFSHSHOE",,,,,,,,,,,,,,,
Littly,"TOYS,SPRTSEQIP,ELECTRNCS,CMPTRACCS,OFFSUPPLIES,HLTHBTY,WMNFSHACCSS,OTHSPRTSSHOE,MNSRUNSHOE,WMNRUNSHOE,WMNFSHSHOE,MNFSHSHOE",,,,,,,,,,,,,,,
LogicKeyboard,"TOYS,SPRTSEQIP,ELECTRNCS,CMPTRACCS,OFFSUPPLIES,HLTHBTY,WMNFSHACCSS,OTHSPRTSSHOE,MNSRUNSHOE,WMNRUNSHOE,WMNFSHSHOE,MNFSHSHOE",,,,,,,,,,,,,,,
Luma,"TOYS,SPRTSEQIP,ELECTRNCS,CMPTRACCS,OFFSUPPLIES,HLTHBTY,WMNFSHACCSS,OTHSPRTSSHOE,MNSRUNSHOE,WMNRUNSHOE,WMNFSHSHOE,MNFSHSHOE",,,,,,,,,,,,,,,
Lwsengme,"TOYS,SPRTSEQIP,ELECTRNCS,CMPTRACCS,OFFSUPPLIES,HLTHBTY,WMNFSHACCSS,OTHSPRTSSHOE,MNSRUNSHOE,WMNRUNSHOE,WMNFSHSHOE,MNFSHSHOE",,,,,,,,,,,,,,,
Mag 1,"TOYS,SPRTSEQIP,ELECTRNCS,CMPTRACCS,OFFSUPPLIES,HLTHBTY,WMNFSHACCSS,OTHSPRTSSHOE,MNSRUNSHOE,WMNRUNSHOE,WMNFSHSHOE,MNFSHSHOE",,,,,,,,,,,,,,,
MagTek,"TOYS,SPRTSEQIP,ELECTRNCS,CMPTRACCS,OFFSUPPLIES,HLTHBTY,WMNFSHACCSS,OTHSPRTSSHOE,MNSRUNSHOE,WMNRUNSHOE,WMNFSHSHOE,MNFSHSHOE",,,,,,,,,,,,,,,
MCOCEAN,"TOYS,SPRTSEQIP,ELECTRNCS,CMPTRACCS,OFFSUPPLIES,HLTHBTY,WMNFSHACCSS,OTHSPRTSSHOE,MNSRUNSHOE,WMNRUNSHOE,WMNFSHSHOE,MNFSHSHOE",,,,,,,,,,,,,,,
MEA770,"TOYS,SPRTSEQIP,ELECTRNCS,CMPTRACCS,OFFSUPPLIES,HLTHBTY,WMNFSHACCSS,OTHSPRTSSHOE,MNSRUNSHOE,WMNRUNSHOE,WMNFSHSHOE,MNFSHSHOE",,,,,,,,,,,,,,,
Men's Wristwatches,"TOYS,SPRTSEQIP,ELECTRNCS,CMPTRACCS,OFFSUPPLIES,HLTHBTY,WMNFSHACCSS,OTHSPRTSSHOE,MNSRUNSHOE,WMNRUNSHOE,WMNFSHSHOE,MNFSHSHOE",,,,,,,,,,,,,,,
Minions,"TOYS,SPRTSEQIP,ELECTRNCS,CMPTRACCS,OFFSUPPLIES,HLTHBTY,WMNFSHACCSS,OTHSPRTSSHOE,MNSRUNSHOE,WMNRUNSHOE,WMNFSHSHOE,MNFSHSHOE",,,,,,,,,,,,,,,
MONSTAR,"TOYS,SPRTSEQIP,ELECTRNCS,CMPTRACCS,OFFSUPPLIES,HLTHBTY,WMNFSHACCSS,OTHSPRTSSHOE,MNSRUNSHOE,WMNRUNSHOE,WMNFSHSHOE,MNFSHSHOE",,,,,,,,,,,,,,,
Moyu,"TOYS,SPRTSEQIP,ELECTRNCS,CMPTRACCS,OFFSUPPLIES,HLTHBTY,WMNFSHACCSS,OTHSPRTSSHOE,MNSRUNSHOE,WMNRUNSHOE,WMNFSHSHOE,MNFSHSHOE",,,,,,,,,,,,,,,
Mr.Pro,"TOYS,SPRTSEQIP,ELECTRNCS,CMPTRACCS,OFFSUPPLIES,HLTHBTY,WMNFSHACCSS,OTHSPRTSSHOE,MNSRUNSHOE,WMNRUNSHOE,WMNFSHSHOE,MNFSHSHOE",,,,,,,,,,,,,,,
Newcreativetop,"TOYS,SPRTSEQIP,ELECTRNCS,CMPTRACCS,OFFSUPPLIES,HLTHBTY,WMNFSHACCSS,OTHSPRTSSHOE,MNSRUNSHOE,WMNRUNSHOE,WMNFSHSHOE,MNFSHSHOE",,,,,,,,,,,,,,,
niceeshop,"TOYS,SPRTSEQIP,ELECTRNCS,CMPTRACCS,OFFSUPPLIES,HLTHBTY,WMNFSHACCSS,OTHSPRTSSHOE,MNSRUNSHOE,WMNRUNSHOE,WMNFSHSHOE,MNFSHSHOE",,,,,,,,,,,,,,,
Nikon,"TOYS,SPRTSEQIP,ELECTRNCS,CMPTRACCS,OFFSUPPLIES,HLTHBTY,WMNFSHACCSS,OTHSPRTSSHOE,MNSRUNSHOE,WMNRUNSHOE,WMNFSHSHOE,MNFSHSHOE",,,,,,,,,,,,,,,
Oeveo,"TOYS,SPRTSEQIP,ELECTRNCS,CMPTRACCS,OFFSUPPLIES,HLTHBTY,WMNFSHACCSS,OTHSPRTSSHOE,MNSRUNSHOE,WMNRUNSHOE,WMNFSHSHOE,MNFSHSHOE",,,,,,,,,,,,,,,
Ole Baby,"TOYS,SPRTSEQIP,ELECTRNCS,CMPTRACCS,OFFSUPPLIES,HLTHBTY,WMNFSHACCSS,OTHSPRTSSHOE,MNSRUNSHOE,WMNRUNSHOE,WMNFSHSHOE,MNFSHSHOE",,,,,,,,,,,,,,,
Papa Protect,"TOYS,SPRTSEQIP,ELECTRNCS,CMPTRACCS,OFFSUPPLIES,HLTHBTY,WMNFSHACCSS,OTHSPRTSSHOE,MNSRUNSHOE,WMNRUNSHOE,WMNFSHSHOE,MNFSHSHOE",,,,,,,,,,,,,,,
Patriot,"TOYS,SPRTSEQIP,ELECTRNCS,CMPTRACCS,OFFSUPPLIES,HLTHBTY,WMNFSHACCSS,OTHSPRTSSHOE,MNSRUNSHOE,WMNRUNSHOE,WMNFSHSHOE,MNFSHSHOE",,,,,,,,,,,,,,,
PEGGYNCO,"TOYS,SPRTSEQIP,ELECTRNCS,CMPTRACCS,OFFSUPPLIES,HLTHBTY,WMNFSHACCSS,OTHSPRTSSHOE,MNSRUNSHOE,WMNRUNSHOE,WMNFSHSHOE,MNFSHSHOE",,,,,,,,,,,,,,,
PetsUp,"TOYS,SPRTSEQIP,ELECTRNCS,CMPTRACCS,OFFSUPPLIES,HLTHBTY,WMNFSHACCSS,OTHSPRTSSHOE,MNSRUNSHOE,WMNRUNSHOE,WMNFSHSHOE,MNFSHSHOE",,,,,,,,,,,,,,,
Pinty,"TOYS,SPRTSEQIP,ELECTRNCS,CMPTRACCS,OFFSUPPLIES,HLTHBTY,WMNFSHACCSS,OTHSPRTSSHOE,MNSRUNSHOE,WMNRUNSHOE,WMNFSHSHOE,MNFSHSHOE",,,,,,,,,,,,,,,
pool party,"TOYS,SPRTSEQIP,ELECTRNCS,CMPTRACCS,OFFSUPPLIES,HLTHBTY,WMNFSHACCSS,OTHSPRTSSHOE,MNSRUNSHOE,WMNRUNSHOE,WMNFSHSHOE,MNFSHSHOE",,,,,,,,,,,,,,,
ProTeam,"TOYS,SPRTSEQIP,ELECTRNCS,CMPTRACCS,OFFSUPPLIES,HLTHBTY,WMNFSHACCSS,OTHSPRTSSHOE,MNSRUNSHOE,WMNRUNSHOE,WMNFSHSHOE,MNFSHSHOE",,,,,,,,,,,,,,,
QFX,"TOYS,SPRTSEQIP,ELECTRNCS,CMPTRACCS,OFFSUPPLIES,HLTHBTY,WMNFSHACCSS,OTHSPRTSSHOE,MNSRUNSHOE,WMNRUNSHOE,WMNFSHSHOE,MNFSHSHOE",,,,,,,,,,,,,,,
QuadStore,"TOYS,SPRTSEQIP,ELECTRNCS,CMPTRACCS,OFFSUPPLIES,HLTHBTY,WMNFSHACCSS,OTHSPRTSSHOE,MNSRUNSHOE,WMNRUNSHOE,WMNFSHSHOE,MNFSHSHOE",,,,,,,,,,,,,,,
Quntis,"TOYS,SPRTSEQIP,ELECTRNCS,CMPTRACCS,OFFSUPPLIES,HLTHBTY,WMNFSHACCSS,OTHSPRTSSHOE,MNSRUNSHOE,WMNRUNSHOE,WMNFSHSHOE,MNFSHSHOE",,,,,,,,,,,,,,,
Radio Flyer,"TOYS,SPRTSEQIP,ELECTRNCS,CMPTRACCS,OFFSUPPLIES,HLTHBTY,WMNFSHACCSS,OTHSPRTSSHOE,MNSRUNSHOE,WMNRUNSHOE,WMNFSHSHOE,MNFSHSHOE",,,,,,,,,,,,,,,
RDX,"TOYS,SPRTSEQIP,ELECTRNCS,CMPTRACCS,OFFSUPPLIES,HLTHBTY,WMNFSHACCSS,OTHSPRTSSHOE,MNSRUNSHOE,WMNRUNSHOE,WMNFSHSHOE,MNFSHSHOE",,,,,,,,,,,,,,,
RED COPPER,"TOYS,SPRTSEQIP,ELECTRNCS,CMPTRACCS,OFFSUPPLIES,HLTHBTY,WMNFSHACCSS,OTHSPRTSSHOE,MNSRUNSHOE,WMNRUNSHOE,WMNFSHSHOE,MNFSHSHOE",,,,,,,,,,,,,,,
Renewable Toner,"TOYS,SPRTSEQIP,ELECTRNCS,CMPTRACCS,OFFSUPPLIES,HLTHBTY,WMNFSHACCSS,OTHSPRTSSHOE,MNSRUNSHOE,WMNRUNSHOE,WMNFSHSHOE,MNFSHSHOE",,,,,,,,,,,,,,,
RISEPRO,"TOYS,SPRTSEQIP,ELECTRNCS,CMPTRACCS,OFFSUPPLIES,HLTHBTY,WMNFSHACCSS,OTHSPRTSSHOE,MNSRUNSHOE,WMNRUNSHOE,WMNFSHSHOE,MNFSHSHOE",,,,,,,,,,,,,,,
Romano,"TOYS,SPRTSEQIP,ELECTRNCS,CMPTRACCS,OFFSUPPLIES,HLTHBTY,WMNFSHACCSS,OTHSPRTSSHOE,MNSRUNSHOE,WMNRUNSHOE,WMNFSHSHOE,MNFSHSHOE",,,,,,,,,,,,,,,
RTI,"TOYS,SPRTSEQIP,ELECTRNCS,CMPTRACCS,OFFSUPPLIES,HLTHBTY,WMNFSHACCSS,OTHSPRTSSHOE,MNSRUNSHOE,WMNRUNSHOE,WMNFSHSHOE,MNFSHSHOE",,,,,,,,,,,,,,,
Rvold,"TOYS,SPRTSEQIP,ELECTRNCS,CMPTRACCS,OFFSUPPLIES,HLTHBTY,WMNFSHACCSS,OTHSPRTSSHOE,MNSRUNSHOE,WMNRUNSHOE,WMNFSHSHOE,MNFSHSHOE",,,,,,,,,,,,,,,
Samsung,"TOYS,SPRTSEQIP,ELECTRNCS,CMPTRACCS,OFFSUPPLIES,HLTHBTY,WMNFSHACCSS,OTHSPRTSSHOE,MNSRUNSHOE,WMNRUNSHOE,WMNFSHSHOE,MNFSHSHOE",,,,,,,,,,,,,,,
Shengshou,"TOYS,SPRTSEQIP,ELECTRNCS,CMPTRACCS,OFFSUPPLIES,HLTHBTY,WMNFSHACCSS,OTHSPRTSSHOE,MNSRUNSHOE,WMNRUNSHOE,WMNFSHSHOE,MNFSHSHOE",,,,,,,,,,,,,,,
SHINE STAR,"TOYS,SPRTSEQIP,ELECTRNCS,CMPTRACCS,OFFSUPPLIES,HLTHBTY,WMNFSHACCSS,OTHSPRTSSHOE,MNSRUNSHOE,WMNRUNSHOE,WMNFSHSHOE,MNFSHSHOE",,,,,,,,,,,,,,,
SHOES T20,"TOYS,SPRTSEQIP,ELECTRNCS,CMPTRACCS,OFFSUPPLIES,HLTHBTY,WMNFSHACCSS,OTHSPRTSSHOE,MNSRUNSHOE,WMNRUNSHOE,WMNFSHSHOE,MNFSHSHOE",,,,,,,,,,,,,,,
SLS3,"TOYS,SPRTSEQIP,ELECTRNCS,CMPTRACCS,OFFSUPPLIES,HLTHBTY,WMNFSHACCSS,OTHSPRTSSHOE,MNSRUNSHOE,WMNRUNSHOE,WMNFSHSHOE,MNFSHSHOE",,,,,,,,,,,,,,,
SmartSwab,"TOYS,SPRTSEQIP,ELECTRNCS,CMPTRACCS,OFFSUPPLIES,HLTHBTY,WMNFSHACCSS,OTHSPRTSSHOE,MNSRUNSHOE,WMNRUNSHOE,WMNFSHSHOE,MNFSHSHOE",,,,,,,,,,,,,,,
SmartWool,"TOYS,SPRTSEQIP,ELECTRNCS,CMPTRACCS,OFFSUPPLIES,HLTHBTY,WMNFSHACCSS,OTHSPRTSSHOE,MNSRUNSHOE,WMNRUNSHOE,WMNFSHSHOE,MNFSHSHOE",,,,,,,,,,,,,,,
Sol Coastal,"TOYS,SPRTSEQIP,ELECTRNCS,CMPTRACCS,OFFSUPPLIES,HLTHBTY,WMNFSHACCSS,OTHSPRTSSHOE,MNSRUNSHOE,WMNRUNSHOE,WMNFSHSHOE,MNFSHSHOE",,,,,,,,,,,,,,,
SORCO,"TOYS,SPRTSEQIP,ELECTRNCS,CMPTRACCS,OFFSUPPLIES,HLTHBTY,WMNFSHACCSS,OTHSPRTSSHOE,MNSRUNSHOE,WMNRUNSHOE,WMNFSHSHOE,MNFSHSHOE",,,,,,,,,,,,,,,
Sorking,"TOYS,SPRTSEQIP,ELECTRNCS,CMPTRACCS,OFFSUPPLIES,HLTHBTY,WMNFSHACCSS,OTHSPRTSSHOE,MNSRUNSHOE,WMNRUNSHOE,WMNFSHSHOE,MNFSHSHOE",,,,,,,,,,,,,,,
SORUBA ENTERPRISES,"TOYS,SPRTSEQIP,ELECTRNCS,CMPTRACCS,OFFSUPPLIES,HLTHBTY,WMNFSHACCSS,OTHSPRTSSHOE,MNSRUNSHOE,WMNRUNSHOE,WMNFSHSHOE,MNFSHSHOE",,,,,,,,,,,,,,,
STS,"TOYS,SPRTSEQIP,ELECTRNCS,CMPTRACCS,OFFSUPPLIES,HLTHBTY,WMNFSHACCSS,OTHSPRTSSHOE,MNSRUNSHOE,WMNRUNSHOE,WMNFSHSHOE,MNFSHSHOE",,,,,,,,,,,,,,,
SuperBaby,"TOYS,SPRTSEQIP,ELECTRNCS,CMPTRACCS,OFFSUPPLIES,HLTHBTY,WMNFSHACCSS,OTHSPRTSSHOE,MNSRUNSHOE,WMNRUNSHOE,WMNFSHSHOE,MNFSHSHOE",,,,,,,,,,,,,,,
Supreme,"TOYS,SPRTSEQIP,ELECTRNCS,CMPTRACCS,OFFSUPPLIES,HLTHBTY,WMNFSHACCSS,OTHSPRTSSHOE,MNSRUNSHOE,WMNRUNSHOE,WMNFSHSHOE,MNFSHSHOE",,,,,,,,,,,,,,,
Surker,"TOYS,SPRTSEQIP,ELECTRNCS,CMPTRACCS,OFFSUPPLIES,HLTHBTY,WMNFSHACCSS,OTHSPRTSSHOE,MNSRUNSHOE,WMNRUNSHOE,WMNFSHSHOE,MNFSHSHOE",,,,,,,,,,,,,,,
T2x,"TOYS,SPRTSEQIP,ELECTRNCS,CMPTRACCS,OFFSUPPLIES,HLTHBTY,WMNFSHACCSS,OTHSPRTSSHOE,MNSRUNSHOE,WMNRUNSHOE,WMNFSHSHOE,MNFSHSHOE",,,,,,,,,,,,,,,
Tamiya,"TOYS,SPRTSEQIP,ELECTRNCS,CMPTRACCS,OFFSUPPLIES,HLTHBTY,WMNFSHACCSS,OTHSPRTSSHOE,MNSRUNSHOE,WMNRUNSHOE,WMNFSHSHOE,MNFSHSHOE",,,,,,,,,,,,,,,
Telebrands,"TOYS,SPRTSEQIP,ELECTRNCS,CMPTRACCS,OFFSUPPLIES,HLTHBTY,WMNFSHACCSS,OTHSPRTSSHOE,MNSRUNSHOE,WMNRUNSHOE,WMNFSHSHOE,MNFSHSHOE",,,,,,,,,,,,,,,
tengweng,"TOYS,SPRTSEQIP,ELECTRNCS,CMPTRACCS,OFFSUPPLIES,HLTHBTY,WMNFSHACCSS,OTHSPRTSSHOE,MNSRUNSHOE,WMNRUNSHOE,WMNFSHSHOE,MNFSHSHOE",,,,,,,,,,,,,,,
The Elephant Company,"TOYS,SPRTSEQIP,ELECTRNCS,CMPTRACCS,OFFSUPPLIES,HLTHBTY,WMNFSHACCSS,OTHSPRTSSHOE,MNSRUNSHOE,WMNRUNSHOE,WMNFSHSHOE,MNFSHSHOE",,,,,,,,,,,,,,,
Titleist,"TOYS,SPRTSEQIP,ELECTRNCS,CMPTRACCS,OFFSUPPLIES,HLTHBTY,WMNFSHACCSS,OTHSPRTSSHOE,MNSRUNSHOE,WMNRUNSHOE,WMNFSHSHOE,MNFSHSHOE",,,,,,,,,,,,,,,
Tk 410,"TOYS,SPRTSEQIP,ELECTRNCS,CMPTRACCS,OFFSUPPLIES,HLTHBTY,WMNFSHACCSS,OTHSPRTSSHOE,MNSRUNSHOE,WMNRUNSHOE,WMNFSHSHOE,MNFSHSHOE",,,,,,,,,,,,,,,
TomTom,"TOYS,SPRTSEQIP,ELECTRNCS,CMPTRACCS,OFFSUPPLIES,HLTHBTY,WMNFSHACCSS,OTHSPRTSSHOE,MNSRUNSHOE,WMNRUNSHOE,WMNFSHSHOE,MNFSHSHOE",,,,,,,,,,,,,,,
Tonnercloller,"TOYS,SPRTSEQIP,ELECTRNCS,CMPTRACCS,OFFSUPPLIES,HLTHBTY,WMNFSHACCSS,OTHSPRTSSHOE,MNSRUNSHOE,WMNRUNSHOE,WMNFSHSHOE,MNFSHSHOE",,,,,,,,,,,,,,,
Touchwood,"TOYS,SPRTSEQIP,ELECTRNCS,CMPTRACCS,OFFSUPPLIES,HLTHBTY,WMNFSHACCSS,OTHSPRTSSHOE,MNSRUNSHOE,WMNRUNSHOE,WMNFSHSHOE,MNFSHSHOE",,,,,,,,,,,,,,,
Toy Cubby,"TOYS,SPRTSEQIP,ELECTRNCS,CMPTRACCS,OFFSUPPLIES,HLTHBTY,WMNFSHACCSS,OTHSPRTSSHOE,MNSRUNSHOE,WMNRUNSHOE,WMNFSHSHOE,MNFSHSHOE",,,,,,,,,,,,,,,
Tynor,"TOYS,SPRTSEQIP,ELECTRNCS,CMPTRACCS,OFFSUPPLIES,HLTHBTY,WMNFSHACCSS,OTHSPRTSSHOE,MNSRUNSHOE,WMNRUNSHOE,WMNFSHSHOE,MNFSHSHOE",,,,,,,,,,,,,,,
Unbranded*,"TOYS,SPRTSEQIP,ELECTRNCS,CMPTRACCS,OFFSUPPLIES,HLTHBTY,WMNFSHACCSS,OTHSPRTSSHOE,MNSRUNSHOE,WMNRUNSHOE,WMNFSHSHOE,MNFSHSHOE",,,,,,,,,,,,,,,
Utex,"TOYS,SPRTSEQIP,ELECTRNCS,CMPTRACCS,OFFSUPPLIES,HLTHBTY,WMNFSHACCSS,OTHSPRTSSHOE,MNSRUNSHOE,WMNRUNSHOE,WMNFSHSHOE,MNFSHSHOE",,,,,,,,,,,,,,,
Vardhman,"TOYS,SPRTSEQIP,ELECTRNCS,CMPTRACCS,OFFSUPPLIES,HLTHBTY,WMNFSHACCSS,OTHSPRTSSHOE,MNSRUNSHOE,WMNRUNSHOE,WMNFSHSHOE,MNFSHSHOE",,,,,,,,,,,,,,,
V-TOP,"TOYS,SPRTSEQIP,ELECTRNCS,CMPTRACCS,OFFSUPPLIES,HLTHBTY,WMNFSHACCSS,OTHSPRTSSHOE,MNSRUNSHOE,WMNRUNSHOE,WMNFSHSHOE,MNFSHSHOE",,,,,,,,,,,,,,,
WD Bulk,"TOYS,SPRTSEQIP,ELECTRNCS,CMPTRACCS,OFFSUPPLIES,HLTHBTY,WMNFSHACCSS,OTHSPRTSSHOE,MNSRUNSHOE,WMNRUNSHOE,WMNFSHSHOE,MNFSHSHOE",,,,,,,,,,,,,,,
WeMo,"TOYS,SPRTSEQIP,ELECTRNCS,CMPTRACCS,OFFSUPPLIES,HLTHBTY,WMNFSHACCSS,OTHSPRTSSHOE,MNSRUNSHOE,WMNRUNSHOE,WMNFSHSHOE,MNFSHSHOE",,,,,,,,,,,,,,,
X96 Amlogic,"TOYS,SPRTSEQIP,ELECTRNCS,CMPTRACCS,OFFSUPPLIES,HLTHBTY,WMNFSHACCSS,OTHSPRTSSHOE,MNSRUNSHOE,WMNRUNSHOE,WMNFSHSHOE,MNFSHSHOE",,,,,,,,,,,,,,,
Xiaomi,"TOYS,SPRTSEQIP,ELECTRNCS,CMPTRACCS,OFFSUPPLIES,HLTHBTY,WMNFSHACCSS,OTHSPRTSSHOE,MNSRUNSHOE,WMNRUNSHOE,WMNFSHSHOE,MNFSHSHOE",,,,,,,,,,,,,,,
Xiaomi Store USA,"TOYS,SPRTSEQIP,ELECTRNCS,CMPTRACCS,OFFSUPPLIES,HLTHBTY,WMNFSHACCSS,OTHSPRTSSHOE,MNSRUNSHOE,WMNRUNSHOE,WMNFSHSHOE,MNFSHSHOE",,,,,,,,,,,,,,,
Xtrim,"TOYS,SPRTSEQIP,ELECTRNCS,CMPTRACCS,OFFSUPPLIES,HLTHBTY,WMNFSHACCSS,OTHSPRTSSHOE,MNSRUNSHOE,WMNRUNSHOE,WMNFSHSHOE,MNFSHSHOE",,,,,,,,,,,,,,,
XYG-Case,"TOYS,SPRTSEQIP,ELECTRNCS,CMPTRACCS,OFFSUPPLIES,HLTHBTY,WMNFSHACCSS,OTHSPRTSSHOE,MNSRUNSHOE,WMNRUNSHOE,WMNFSHSHOE,MNFSHSHOE",,,,,,,,,,,,,,,
Yazhe,"TOYS,SPRTSEQIP,ELECTRNCS,CMPTRACCS,OFFSUPPLIES,HLTHBTY,WMNFSHACCSS,OTHSPRTSSHOE,MNSRUNSHOE,WMNRUNSHOE,WMNFSHSHOE,MNFSHSHOE",,,,,,,,,,,,,,,
YKL WORLD,"TOYS,SPRTSEQIP,ELECTRNCS,CMPTRACCS,OFFSUPPLIES,HLTHBTY,WMNFSHACCSS,OTHSPRTSSHOE,MNSRUNSHOE,WMNRUNSHOE,WMNFSHSHOE,MNFSHSHOE",,,,,,,,,,,,,,,
Yvolution,"TOYS,SPRTSEQIP,ELECTRNCS,CMPTRACCS,OFFSUPPLIES,HLTHBTY,WMNFSHACCSS,OTHSPRTSSHOE,MNSRUNSHOE,WMNRUNSHOE,WMNFSHSHOE,MNFSHSHOE",,,,,,,,,,,,,,,
Zando,"TOYS,SPRTSEQIP,ELECTRNCS,CMPTRACCS,OFFSUPPLIES,HLTHBTY,WMNFSHACCSS,OTHSPRTSSHOE,MNSRUNSHOE,WMNRUNSHOE,WMNFSHSHOE,MNFSHSHOE",,,,,,,,,,,,,,,
ZHOPIX,"TOYS,SPRTSEQIP,ELECTRNCS,CMPTRACCS,OFFSUPPLIES,HLTHBTY,WMNFSHACCSS,OTHSPRTSSHOE,MNSRUNSHOE,WMNRUNSHOE,WMNFSHSHOE,MNFSHSHOE",,,,,,,,,,,,,,,
Zonore,"TOYS,SPRTSEQIP,ELECTRNCS,CMPTRACCS,OFFSUPPLIES,HLTHBTY,WMNFSHACCSS,OTHSPRTSSHOE,MNSRUNSHOE,WMNRUNSHOE,WMNFSHSHOE,MNFSHSHOE",,,,,,,,,,,,,,,
Apple,"TOYS,SPRTSEQIP,ELECTRNCS,CMPTRACCS,OFFSUPPLIES,HLTHBTY,WMNFSHACCSS,OTHSPRTSSHOE,MNSRUNSHOE,WMNRUNSHOE,WMNFSHSHOE,MNFSHSHOE",,,,,,,,,,,,,,,
Gueven Oektem,"TOYS,SPRTSEQIP,ELECTRNCS,CMPTRACCS,OFFSUPPLIES,HLTHBTY,WMNFSHACCSS,OTHSPRTSSHOE,MNSRUNSHOE,WMNRUNSHOE,WMNFSHSHOE,MNFSHSHOE",,,,,,,,,,,,,,,
yongbo guo,"TOYS,SPRTSEQIP,ELECTRNCS,CMPTRACCS,OFFSUPPLIES,HLTHBTY,WMNFSHACCSS,OTHSPRTSSHOE,MNSRUNSHOE,WMNRUNSHOE,WMNFSHSHOE,MNFSHSHOE",,,,,,,,,,,,,,,
AUKEY International Ltd,"TOYS,SPRTSEQIP,ELECTRNCS,CMPTRACCS,OFFSUPPLIES,HLTHBTY,WMNFSHACCSS,OTHSPRTSSHOE,MNSRUNSHOE,WMNRUNSHOE,WMNFSHSHOE,MNFSHSHOE",,,,,,,,,,,,,,,
David Thomson,"TOYS,SPRTSEQIP,ELECTRNCS,CMPTRACCS,OFFSUPPLIES,HLTHBTY,WMNFSHACCSS,OTHSPRTSSHOE,MNSRUNSHOE,WMNRUNSHOE,WMNFSHSHOE,MNFSHSHOE",,,,,,,,,,,,,,,
Nick Cromer (BigMouth International),"TOYS,SPRTSEQIP,ELECTRNCS,CMPTRACCS,OFFSUPPLIES,HLTHBTY,WMNFSHACCSS,OTHSPRTSSHOE,MNSRUNSHOE,WMNRUNSHOE,WMNFSHSHOE,MNFSHSHOE",,,,,,,,,,,,,,,
Ada Chan,"TOYS,SPRTSEQIP,ELECTRNCS,CMPTRACCS,OFFSUPPLIES,HLTHBTY,WMNFSHACCSS,OTHSPRTSSHOE,MNSRUNSHOE,WMNRUNSHOE,WMNFSHSHOE,MNFSHSHOE",,,,,,,,,,,,,,,
A Soliman,"TOYS,SPRTSEQIP,ELECTRNCS,CMPTRACCS,OFFSUPPLIES,HLTHBTY,WMNFSHACCSS,OTHSPRTSSHOE,MNSRUNSHOE,WMNRUNSHOE,WMNFSHSHOE,MNFSHSHOE",,,,,,,,,,,,,,,
Judy King,"TOYS,SPRTSEQIP,ELECTRNCS,CMPTRACCS,OFFSUPPLIES,HLTHBTY,WMNFSHACCSS,OTHSPRTSSHOE,MNSRUNSHOE,WMNRUNSHOE,WMNFSHSHOE,MNFSHSHOE",,,,,,,,,,,,,,,
Judy,"TOYS,SPRTSEQIP,ELECTRNCS,CMPTRACCS,OFFSUPPLIES,HLTHBTY,WMNFSHACCSS,OTHSPRTSSHOE,MNSRUNSHOE,WMNRUNSHOE,WMNFSHSHOE,MNFSHSHOE",,,,,,,,,,,,,,,
Stacy Papachristos,"TOYS,SPRTSEQIP,ELECTRNCS,CMPTRACCS,OFFSUPPLIES,HLTHBTY,WMNFSHACCSS,OTHSPRTSSHOE,MNSRUNSHOE,WMNRUNSHOE,WMNFSHSHOE,MNFSHSHOE",,,,,,,,,,,,,,,
Lumistick,"TOYS,SPRTSEQIP,ELECTRNCS,CMPTRACCS,OFFSUPPLIES,HLTHBTY,WMNFSHACCSS,OTHSPRTSSHOE,MNSRUNSHOE,WMNRUNSHOE,WMNFSHSHOE,MNFSHSHOE",,,,,,,,,,,,,,,
Michael Moriel II,"TOYS,SPRTSEQIP,ELECTRNCS,CMPTRACCS,OFFSUPPLIES,HLTHBTY,WMNFSHACCSS,OTHSPRTSSHOE,MNSRUNSHOE,WMNRUNSHOE,WMNFSHSHOE,MNFSHSHOE",,,,,,,,,,,,,,,
YANBIAO FAN,"TOYS,SPRTSEQIP,ELECTRNCS,CMPTRACCS,OFFSUPPLIES,HLTHBTY,WMNFSHACCSS,OTHSPRTSSHOE,MNSRUNSHOE,WMNRUNSHOE,WMNFSHSHOE,MNFSHSHOE",,,,,,,,,,,,,,,
Pao Lopez,"TOYS,SPRTSEQIP,ELECTRNCS,CMPTRACCS,OFFSUPPLIES,HLTHBTY,WMNFSHACCSS,OTHSPRTSSHOE,MNSRUNSHOE,WMNRUNSHOE,WMNFSHSHOE,MNFSHSHOE",,,,,,,,,,,,,,,
Cameron Crenshaw,"TOYS,SPRTSEQIP,ELECTRNCS,CMPTRACCS,OFFSUPPLIES,HLTHBTY,WMNFSHACCSS,OTHSPRTSSHOE,MNSRUNSHOE,WMNRUNSHOE,WMNFSHSHOE,MNFSHSHOE",,,,,,,,,,,,,,,
John Shett,"TOYS,SPRTSEQIP,ELECTRNCS,CMPTRACCS,OFFSUPPLIES,HLTHBTY,WMNFSHACCSS,OTHSPRTSSHOE,MNSRUNSHOE,WMNRUNSHOE,WMNFSHSHOE,MNFSHSHOE",,,,,,,,,,,,,,,
Lisa Clopton,"TOYS,SPRTSEQIP,ELECTRNCS,CMPTRACCS,OFFSUPPLIES,HLTHBTY,WMNFSHACCSS,OTHSPRTSSHOE,MNSRUNSHOE,WMNRUNSHOE,WMNFSHSHOE,MNFSHSHOE",,,,,,,,,,,,,,,
jingjing86us luo,"TOYS,SPRTSEQIP,ELECTRNCS,CMPTRACCS,OFFSUPPLIES,HLTHBTY,WMNFSHACCSS,OTHSPRTSSHOE,MNSRUNSHOE,WMNRUNSHOE,WMNFSHSHOE,MNFSHSHOE",,,,,,,,,,,,,,,
Mai QiBin,"TOYS,SPRTSEQIP,ELECTRNCS,CMPTRACCS,OFFSUPPLIES,HLTHBTY,WMNFSHACCSS,OTHSPRTSSHOE,MNSRUNSHOE,WMNRUNSHOE,WMNFSHSHOE,MNFSHSHOE",,,,,,,,,,,,,,,
Tamara Rabenold,"TOYS,SPRTSEQIP,ELECTRNCS,CMPTRACCS,OFFSUPPLIES,HLTHBTY,WMNFSHACCSS,OTHSPRTSSHOE,MNSRUNSHOE,WMNRUNSHOE,WMNFSHSHOE,MNFSHSHOE",,,,,,,,,,,,,,,
Fong Sam,"TOYS,SPRTSEQIP,ELECTRNCS,CMPTRACCS,OFFSUPPLIES,HLTHBTY,WMNFSHACCSS,OTHSPRTSSHOE,MNSRUNSHOE,WMNRUNSHOE,WMNFSHSHOE,MNFSHSHOE",,,,,,,,,,,,,,,
Nicole Hoover,"TOYS,SPRTSEQIP,ELECTRNCS,CMPTRACCS,OFFSUPPLIES,HLTHBTY,WMNFSHACCSS,OTHSPRTSSHOE,MNSRUNSHOE,WMNRUNSHOE,WMNFSHSHOE,MNFSHSHOE",,,,,,,,,,,,,,,
Dreher Dreher,"TOYS,SPRTSEQIP,ELECTRNCS,CMPTRACCS,OFFSUPPLIES,HLTHBTY,WMNFSHACCSS,OTHSPRTSSHOE,MNSRUNSHOE,WMNRUNSHOE,WMNFSHSHOE,MNFSHSHOE",,,,,,,,,,,,,,,
jeo,"TOYS,SPRTSEQIP,ELECTRNCS,CMPTRACCS,OFFSUPPLIES,HLTHBTY,WMNFSHACCSS,OTHSPRTSSHOE,MNSRUNSHOE,WMNRUNSHOE,WMNFSHSHOE,MNFSHSHOE",,,,,,,,,,,,,,,
Hugo,"TOYS,SPRTSEQIP,ELECTRNCS,CMPTRACCS,OFFSUPPLIES,HLTHBTY,WMNFSHACCSS,OTHSPRTSSHOE,MNSRUNSHOE,WMNRUNSHOE,WMNFSHSHOE,MNFSHSHOE",,,,,,,,,,,,,,,
Asad Chishty,"TOYS,SPRTSEQIP,ELECTRNCS,CMPTRACCS,OFFSUPPLIES,HLTHBTY,WMNFSHACCSS,OTHSPRTSSHOE,MNSRUNSHOE,WMNRUNSHOE,WMNFSHSHOE,MNFSHSHOE",,,,,,,,,,,,,,,
michael,"TOYS,SPRTSEQIP,ELECTRNCS,CMPTRACCS,OFFSUPPLIES,HLTHBTY,WMNFSHACCSS,OTHSPRTSSHOE,MNSRUNSHOE,WMNRUNSHOE,WMNFSHSHOE,MNFSHSHOE",,,,,,,,,,,,,,,
Rich Cameron,"TOYS,SPRTSEQIP,ELECTRNCS,CMPTRACCS,OFFSUPPLIES,HLTHBTY,WMNFSHACCSS,OTHSPRTSSHOE,MNSRUNSHOE,WMNRUNSHOE,WMNFSHSHOE,MNFSHSHOE",,,,,,,,,,,,,,,
Crumblin&#39; Cookie,"TOYS,SPRTSEQIP,ELECTRNCS,CMPTRACCS,OFFSUPPLIES,HLTHBTY,WMNFSHACCSS,OTHSPRTSSHOE,MNSRUNSHOE,WMNRUNSHOE,WMNFSHSHOE,MNFSHSHOE",,,,,,,,,,,,,,,
Klaus Kristensen,"TOYS,SPRTSEQIP,ELECTRNCS,CMPTRACCS,OFFSUPPLIES,HLTHBTY,WMNFSHACCSS,OTHSPRTSSHOE,MNSRUNSHOE,WMNRUNSHOE,WMNFSHSHOE,MNFSHSHOE",,,,,,,,,,,,,,,
Catherine,"TOYS,SPRTSEQIP,ELECTRNCS,CMPTRACCS,OFFSUPPLIES,HLTHBTY,WMNFSHACCSS,OTHSPRTSSHOE,MNSRUNSHOE,WMNRUNSHOE,WMNFSHSHOE,MNFSHSHOE",,,,,,,,,,,,,,,
LIU CHUN SHOU,"TOYS,SPRTSEQIP,ELECTRNCS,CMPTRACCS,OFFSUPPLIES,HLTHBTY,WMNFSHACCSS,OTHSPRTSSHOE,MNSRUNSHOE,WMNRUNSHOE,WMNFSHSHOE,MNFSHSHOE",,,,,,,,,,,,,,,
Mike Ferren,"TOYS,SPRTSEQIP,ELECTRNCS,CMPTRACCS,OFFSUPPLIES,HLTHBTY,WMNFSHACCSS,OTHSPRTSSHOE,MNSRUNSHOE,WMNRUNSHOE,WMNFSHSHOE,MNFSHSHOE",,,,,,,,,,,,,,,
SHUYU ZHANG,"TOYS,SPRTSEQIP,ELECTRNCS,CMPTRACCS,OFFSUPPLIES,HLTHBTY,WMNFSHACCSS,OTHSPRTSSHOE,MNSRUNSHOE,WMNRUNSHOE,WMNFSHSHOE,MNFSHSHOE",,,,,,,,,,,,,,,
Apple Inc.,"TOYS,SPRTSEQIP,ELECTRNCS,CMPTRACCS,OFFSUPPLIES,HLTHBTY,WMNFSHACCSS,OTHSPRTSSHOE,MNSRUNSHOE,WMNRUNSHOE,WMNFSHSHOE,MNFSHSHOE",,,,,,,,,,,,,,,
Eric Greenwald,"TOYS,SPRTSEQIP,ELECTRNCS,CMPTRACCS,OFFSUPPLIES,HLTHBTY,WMNFSHACCSS,OTHSPRTSSHOE,MNSRUNSHOE,WMNRUNSHOE,WMNFSHSHOE,MNFSHSHOE",,,,,,,,,,,,,,,
Susan Walker,"TOYS,SPRTSEQIP,ELECTRNCS,CMPTRACCS,OFFSUPPLIES,HLTHBTY,WMNFSHACCSS,OTHSPRTSSHOE,MNSRUNSHOE,WMNRUNSHOE,WMNFSHSHOE,MNFSHSHOE",,,,,,,,,,,,,,,
Susanna Shi,"TOYS,SPRTSEQIP,ELECTRNCS,CMPTRACCS,OFFSUPPLIES,HLTHBTY,WMNFSHACCSS,OTHSPRTSSHOE,MNSRUNSHOE,WMNRUNSHOE,WMNFSHSHOE,MNFSHSHOE",,,,,,,,,,,,,,,
Han Yan,"TOYS,SPRTSEQIP,ELECTRNCS,CMPTRACCS,OFFSUPPLIES,HLTHBTY,WMNFSHACCSS,OTHSPRTSSHOE,MNSRUNSHOE,WMNRUNSHOE,WMNFSHSHOE,MNFSHSHOE",,,,,,,,,,,,,,,
Joe B,"TOYS,SPRTSEQIP,ELECTRNCS,CMPTRACCS,OFFSUPPLIES,HLTHBTY,WMNFSHACCSS,OTHSPRTSSHOE,MNSRUNSHOE,WMNRUNSHOE,WMNFSHSHOE,MNFSHSHOE",,,,,,,,,,,,,,,
Berta Ariz,"TOYS,SPRTSEQIP,ELECTRNCS,CMPTRACCS,OFFSUPPLIES,HLTHBTY,WMNFSHACCSS,OTHSPRTSSHOE,MNSRUNSHOE,WMNRUNSHOE,WMNFSHSHOE,MNFSHSHOE",,,,,,,,,,,,,,,
Sussette Patterson,"TOYS,SPRTSEQIP,ELECTRNCS,CMPTRACCS,OFFSUPPLIES,HLTHBTY,WMNFSHACCSS,OTHSPRTSSHOE,MNSRUNSHOE,WMNRUNSHOE,WMNFSHSHOE,MNFSHSHOE",,,,,,,,,,,,,,,
Phil Grandinetti,"TOYS,SPRTSEQIP,ELECTRNCS,CMPTRACCS,OFFSUPPLIES,HLTHBTY,WMNFSHACCSS,OTHSPRTSSHOE,MNSRUNSHOE,WMNRUNSHOE,WMNFSHSHOE,MNFSHSHOE",,,,,,,,,,,,,,,
Rapha Polum,"TOYS,SPRTSEQIP,ELECTRNCS,CMPTRACCS,OFFSUPPLIES,HLTHBTY,WMNFSHACCSS,OTHSPRTSSHOE,MNSRUNSHOE,WMNRUNSHOE,WMNFSHSHOE,MNFSHSHOE",,,,,,,,,,,,,,,
Criss,"TOYS,SPRTSEQIP,ELECTRNCS,CMPTRACCS,OFFSUPPLIES,HLTHBTY,WMNFSHACCSS,OTHSPRTSSHOE,MNSRUNSHOE,WMNRUNSHOE,WMNFSHSHOE,MNFSHSHOE",,,,,,,,,,,,,,,
GoPro,"TOYS,SPRTSEQIP,ELECTRNCS,CMPTRACCS,OFFSUPPLIES,HLTHBTY,WMNFSHACCSS,OTHSPRTSSHOE,MNSRUNSHOE,WMNRUNSHOE,WMNFSHSHOE,MNFSHSHOE",,,,,,,,,,,,,,,
Waterglider LLC,"TOYS,SPRTSEQIP,ELECTRNCS,CMPTRACCS,OFFSUPPLIES,HLTHBTY,WMNFSHACCSS,OTHSPRTSSHOE,MNSRUNSHOE,WMNRUNSHOE,WMNFSHSHOE,MNFSHSHOE",,,,,,,,,,,,,,,
Stacy Davis,"TOYS,SPRTSEQIP,ELECTRNCS,CMPTRACCS,OFFSUPPLIES,HLTHBTY,WMNFSHACCSS,OTHSPRTSSHOE,MNSRUNSHOE,WMNRUNSHOE,WMNFSHSHOE,MNFSHSHOE",,,,,,,,,,,,,,,
WD Enforcement,"TOYS,SPRTSEQIP,ELECTRNCS,CMPTRACCS,OFFSUPPLIES,HLTHBTY,WMNFSHACCSS,OTHSPRTSSHOE,MNSRUNSHOE,WMNRUNSHOE,WMNFSHSHOE,MNFSHSHOE",,,,,,,,,,,,,,,
mm-velcro,"TOYS,SPRTSEQIP,ELECTRNCS,CMPTRACCS,OFFSUPPLIES,HLTHBTY,WMNFSHACCSS,OTHSPRTSSHOE,MNSRUNSHOE,WMNRUNSHOE,WMNFSHSHOE,MNFSHSHOE",,,,,,,,,,,,,,,
SonnabendLaw,"TOYS,SPRTSEQIP,ELECTRNCS,CMPTRACCS,OFFSUPPLIES,HLTHBTY,WMNFSHACCSS,OTHSPRTSSHOE,MNSRUNSHOE,WMNRUNSHOE,WMNFSHSHOE,MNFSHSHOE",,,,,,,,,,,,,,,
Seven,"TOYS,SPRTSEQIP,ELECTRNCS,CMPTRACCS,OFFSUPPLIES,HLTHBTY,WMNFSHACCSS,OTHSPRTSSHOE,MNSRUNSHOE,WMNRUNSHOE,WMNFSHSHOE,MNFSHSHOE",,,,,,,,,,,,,,,
webkraftinc,"TOYS,SPRTSEQIP,ELECTRNCS,CMPTRACCS,OFFSUPPLIES,HLTHBTY,WMNFSHACCSS,OTHSPRTSSHOE,MNSRUNSHOE,WMNRUNSHOE,WMNFSHSHOE,MNFSHSHOE",,,,,,,,,,,,,,,
Rochelle Claerbaut,"TOYS,SPRTSEQIP,ELECTRNCS,CMPTRACCS,OFFSUPPLIES,HLTHBTY,WMNFSHACCSS,OTHSPRTSSHOE,MNSRUNSHOE,WMNRUNSHOE,WMNFSHSHOE,MNFSHSHOE",,,,,,,,,,,,,,,
iOttie Support,"TOYS,SPRTSEQIP,ELECTRNCS,CMPTRACCS,OFFSUPPLIES,HLTHBTY,WMNFSHACCSS,OTHSPRTSSHOE,MNSRUNSHOE,WMNRUNSHOE,WMNFSHSHOE,MNFSHSHOE",,,,,,,,,,,,,,,
Apple Inc,"TOYS,SPRTSEQIP,ELECTRNCS,CMPTRACCS,OFFSUPPLIES,HLTHBTY,WMNFSHACCSS,OTHSPRTSSHOE,MNSRUNSHOE,WMNRUNSHOE,WMNFSHSHOE,MNFSHSHOE",,,,,,,,,,,,,,,
griffintechnology,"TOYS,SPRTSEQIP,ELECTRNCS,CMPTRACCS,OFFSUPPLIES,HLTHBTY,WMNFSHACCSS,OTHSPRTSSHOE,MNSRUNSHOE,WMNRUNSHOE,WMNFSHSHOE,MNFSHSHOE",,,,,,,,,,,,,,,
Velcor,"TOYS,SPRTSEQIP,ELECTRNCS,CMPTRACCS,OFFSUPPLIES,HLTHBTY,WMNFSHACCSS,OTHSPRTSSHOE,MNSRUNSHOE,WMNRUNSHOE,WMNFSHSHOE,MNFSHSHOE",,,,,,,,,,,,,,,
IBM IP Law,"TOYS,SPRTSEQIP,ELECTRNCS,CMPTRACCS,OFFSUPPLIES,HLTHBTY,WMNFSHACCSS,OTHSPRTSSHOE,MNSRUNSHOE,WMNRUNSHOE,WMNFSHSHOE,MNFSHSHOE",,,,,,,,,,,,,,,
torerocorp,"TOYS,SPRTSEQIP,ELECTRNCS,CMPTRACCS,OFFSUPPLIES,HLTHBTY,WMNFSHACCSS,OTHSPRTSSHOE,MNSRUNSHOE,WMNRUNSHOE,WMNFSHSHOE,MNFSHSHOE",,,,,,,,,,,,,,,
Ashutosh Mittal,"TOYS,SPRTSEQIP,ELECTRNCS,CMPTRACCS,OFFSUPPLIES,HLTHBTY,WMNFSHACCSS,OTHSPRTSSHOE,MNSRUNSHOE,WMNRUNSHOE,WMNFSHSHOE,MNFSHSHOE",,,,,,,,,,,,,,,
HafeezCenter,"TOYS,SPRTSEQIP,ELECTRNCS,CMPTRACCS,OFFSUPPLIES,HLTHBTY,WMNFSHACCSS,OTHSPRTSSHOE,MNSRUNSHOE,WMNRUNSHOE,WMNFSHSHOE,MNFSHSHOE",,,,,,,,,,,,,,,
aliyun,"TOYS,SPRTSEQIP,ELECTRNCS,CMPTRACCS,OFFSUPPLIES,HLTHBTY,WMNFSHACCSS,OTHSPRTSSHOE,MNSRUNSHOE,WMNRUNSHOE,WMNFSHSHOE,MNFSHSHOE",,,,,,,,,,,,,,,
Xiaomi Product Authorization team,"TOYS,SPRTSEQIP,ELECTRNCS,CMPTRACCS,OFFSUPPLIES,HLTHBTY,WMNFSHACCSS,OTHSPRTSSHOE,MNSRUNSHOE,WMNRUNSHOE,WMNFSHSHOE,MNFSHSHOE",,,,,,,,,,,,,,,
Jatin Khurana,"TOYS,SPRTSEQIP,ELECTRNCS,CMPTRACCS,OFFSUPPLIES,HLTHBTY,WMNFSHACCSS,OTHSPRTSSHOE,MNSRUNSHOE,WMNRUNSHOE,WMNFSHSHOE,MNFSHSHOE",,,,,,,,,,,,,,,
foxmail,"TOYS,SPRTSEQIP,ELECTRNCS,CMPTRACCS,OFFSUPPLIES,HLTHBTY,WMNFSHACCSS,OTHSPRTSSHOE,MNSRUNSHOE,WMNRUNSHOE,WMNFSHSHOE,MNFSHSHOE",,,,,,,,,,,,,,,
Nisha seth,"TOYS,SPRTSEQIP,ELECTRNCS,CMPTRACCS,OFFSUPPLIES,HLTHBTY,WMNFSHACCSS,OTHSPRTSSHOE,MNSRUNSHOE,WMNRUNSHOE,WMNFSHSHOE,MNFSHSHOE",,,,,,,,,,,,,,,
qfx-e,"TOYS,SPRTSEQIP,ELECTRNCS,CMPTRACCS,OFFSUPPLIES,HLTHBTY,WMNFSHACCSS,OTHSPRTSSHOE,MNSRUNSHOE,WMNRUNSHOE,WMNFSHSHOE,MNFSHSHOE",,,,,,,,,,,,,,,
theelephantcompany,"TOYS,SPRTSEQIP,ELECTRNCS,CMPTRACCS,OFFSUPPLIES,HLTHBTY,WMNFSHACCSS,OTHSPRTSSHOE,MNSRUNSHOE,WMNRUNSHOE,WMNFSHSHOE,MNFSHSHOE",,,,,,,,,,,,,,,
Hiroya Shinde,"TOYS,SPRTSEQIP,ELECTRNCS,CMPTRACCS,OFFSUPPLIES,HLTHBTY,WMNFSHACCSS,OTHSPRTSSHOE,MNSRUNSHOE,WMNRUNSHOE,WMNFSHSHOE,MNFSHSHOE",,,,,,,,,,,,,,,
notaromichalos,"TOYS,SPRTSEQIP,ELECTRNCS,CMPTRACCS,OFFSUPPLIES,HLTHBTY,WMNFSHACCSS,OTHSPRTSSHOE,MNSRUNSHOE,WMNRUNSHOE,WMNFSHSHOE,MNFSHSHOE",,,,,,,,,,,,,,,
gripponline.net,"TOYS,SPRTSEQIP,ELECTRNCS,CMPTRACCS,OFFSUPPLIES,HLTHBTY,WMNFSHACCSS,OTHSPRTSSHOE,MNSRUNSHOE,WMNRUNSHOE,WMNFSHSHOE,MNFSHSHOE",,,,,,,,,,,,,,,
csl-computer,"TOYS,SPRTSEQIP,ELECTRNCS,CMPTRACCS,OFFSUPPLIES,HLTHBTY,WMNFSHACCSS,OTHSPRTSSHOE,MNSRUNSHOE,WMNRUNSHOE,WMNFSHSHOE,MNFSHSHOE",,,,,,,,,,,,,,,
react.org,"TOYS,SPRTSEQIP,ELECTRNCS,CMPTRACCS,OFFSUPPLIES,HLTHBTY,WMNFSHACCSS,OTHSPRTSSHOE,MNSRUNSHOE,WMNRUNSHOE,WMNFSHSHOE,MNFSHSHOE",,,,,,,,,,,,,,,
quadstoreindia,"TOYS,SPRTSEQIP,ELECTRNCS,CMPTRACCS,OFFSUPPLIES,HLTHBTY,WMNFSHACCSS,OTHSPRTSSHOE,MNSRUNSHOE,WMNRUNSHOE,WMNFSHSHOE,MNFSHSHOE",,,,,,,,,,,,,,,
enforcements.markmonitor,"TOYS,SPRTSEQIP,ELECTRNCS,CMPTRACCS,OFFSUPPLIES,HLTHBTY,WMNFSHACCSS,OTHSPRTSSHOE,MNSRUNSHOE,WMNRUNSHOE,WMNFSHSHOE,MNFSHSHOE",,,,,,,,,,,,,,,
rdxsports,"TOYS,SPRTSEQIP,ELECTRNCS,CMPTRACCS,OFFSUPPLIES,HLTHBTY,WMNFSHACCSS,OTHSPRTSSHOE,MNSRUNSHOE,WMNRUNSHOE,WMNFSHSHOE,MNFSHSHOE",,,,,,,,,,,,,,,
antraa,"TOYS,SPRTSEQIP,ELECTRNCS,CMPTRACCS,OFFSUPPLIES,HLTHBTY,WMNFSHACCSS,OTHSPRTSSHOE,MNSRUNSHOE,WMNRUNSHOE,WMNFSHSHOE,MNFSHSHOE",,,,,,,,,,,,,,,
v-cubes,"TOYS,SPRTSEQIP,ELECTRNCS,CMPTRACCS,OFFSUPPLIES,HLTHBTY,WMNFSHACCSS,OTHSPRTSSHOE,MNSRUNSHOE,WMNRUNSHOE,WMNFSHSHOE,MNFSHSHOE",,,,,,,,,,,,,,,
newmo,"TOYS,SPRTSEQIP,ELECTRNCS,CMPTRACCS,OFFSUPPLIES,HLTHBTY,WMNFSHACCSS,OTHSPRTSSHOE,MNSRUNSHOE,WMNRUNSHOE,WMNFSHSHOE,MNFSHSHOE",,,,,,,,,,,,,,,
mm-otterbox,"TOYS,SPRTSEQIP,ELECTRNCS,CMPTRACCS,OFFSUPPLIES,HLTHBTY,WMNFSHACCSS,OTHSPRTSSHOE,MNSRUNSHOE,WMNRUNSHOE,WMNFSHSHOE,MNFSHSHOE",,,,,,,,,,,,,,,
blackwhiteorange,"TOYS,SPRTSEQIP,ELECTRNCS,CMPTRACCS,OFFSUPPLIES,HLTHBTY,WMNFSHACCSS,OTHSPRTSSHOE,MNSRUNSHOE,WMNRUNSHOE,WMNFSHSHOE,MNFSHSHOE",,,,,,,,,,,,,,,
brainybaby,"TOYS,SPRTSEQIP,ELECTRNCS,CMPTRACCS,OFFSUPPLIES,HLTHBTY,WMNFSHACCSS,OTHSPRTSSHOE,MNSRUNSHOE,WMNRUNSHOE,WMNFSHSHOE,MNFSHSHOE",,,,,,,,,,,,,,,
new balance,"TOYS,SPRTSEQIP,ELECTRNCS,CMPTRACCS,OFFSUPPLIES,HLTHBTY,WMNFSHACCSS,OTHSPRTSSHOE,MNSRUNSHOE,WMNRUNSHOE,WMNFSHSHOE,MNFSHSHOE",,,,,,,,,,,,,,,
under armour,"TOYS,SPRTSEQIP,ELECTRNCS,CMPTRACCS,OFFSUPPLIES,HLTHBTY,WMNFSHACCSS,OTHSPRTSSHOE,MNSRUNSHOE,WMNRUNSHOE,WMNFSHSHOE,MNFSHSHOE",,,,,,,,,,,,,,,
asics,"TOYS,SPRTSEQIP,ELECTRNCS,CMPTRACCS,OFFSUPPLIES,HLTHBTY,WMNFSHACCSS,OTHSPRTSSHOE,MNSRUNSHOE,WMNRUNSHOE,WMNFSHSHOE,MNFSHSHOE",,,,,,,,,,,,,,,
Altra,"TOYS,SPRTSEQIP,ELECTRNCS,CMPTRACCS,OFFSUPPLIES,HLTHBTY,WMNFSHACCSS,OTHSPRTSSHOE,MNSRUNSHOE,WMNRUNSHOE,WMNFSHSHOE,MNFSHSHOE",,,,,,,,,,,,,,,
Otterbox,"TOYS,SPRTSEQIP,ELECTRNCS,CMPTRACCS,OFFSUPPLIES,HLTHBTY,WMNFSHACCSS,OTHSPRTSSHOE,MNSRUNSHOE,WMNRUNSHOE,WMNFSHSHOE,MNFSHSHOE",,,,,,,,,,,,,,,
Leather,"TOYS,SPRTSEQIP,ELECTRNCS,CMPTRACCS,OFFSUPPLIES,HLTHBTY,WMNFSHACCSS,OTHSPRTSSHOE,MNSRUNSHOE,WMNRUNSHOE,WMNFSHSHOE,MNFSHSHOE",,,,,,,,,,,,,,,
Griptilian,"TOYS,SPRTSEQIP,ELECTRNCS,CMPTRACCS,OFFSUPPLIES,HLTHBTY,WMNFSHACCSS,OTHSPRTSSHOE,MNSRUNSHOE,WMNRUNSHOE,WMNFSHSHOE,MNFSHSHOE",,,,,,,,,,,,,,,
Velcro,"TOYS,SPRTSEQIP,ELECTRNCS,CMPTRACCS,OFFSUPPLIES,HLTHBTY,WMNFSHACCSS,OTHSPRTSSHOE,MNSRUNSHOE,WMNRUNSHOE,WMNFSHSHOE,MNFSHSHOE",,,,,,,,,,,,,,,
Ibuprofen,"TOYS,SPRTSEQIP,ELECTRNCS,CMPTRACCS,OFFSUPPLIES,HLTHBTY,WMNFSHACCSS,OTHSPRTSSHOE,MNSRUNSHOE,WMNRUNSHOE,WMNFSHSHOE,MNFSHSHOE",,,,,,,,,,,,,,,
gunsmith,"TOYS,SPRTSEQIP,ELECTRNCS,CMPTRACCS,OFFSUPPLIES,HLTHBTY,WMNFSHACCSS,OTHSPRTSSHOE,MNSRUNSHOE,WMNRUNSHOE,WMNFSHSHOE,MNFSHSHOE",,,,,,,,,,,,,,,
snake Leather,"TOYS,SPRTSEQIP,ELECTRNCS,CMPTRACCS,OFFSUPPLIES,HLTHBTY,WMNFSHACCSS,OTHSPRTSSHOE,MNSRUNSHOE,WMNRUNSHOE,WMNFSHSHOE,MNFSHSHOE",,,,,,,,,,,,,,,
Capsaicin,"TOYS,SPRTSEQIP,ELECTRNCS,CMPTRACCS,OFFSUPPLIES,HLTHBTY,WMNFSHACCSS,OTHSPRTSSHOE,MNSRUNSHOE,WMNRUNSHOE,WMNFSHSHOE,MNFSHSHOE",,,,,,,,,,,,,,,
Bacitracin,"TOYS,SPRTSEQIP,ELECTRNCS,CMPTRACCS,OFFSUPPLIES,HLTHBTY,WMNFSHACCSS,OTHSPRTSSHOE,MNSRUNSHOE,WMNRUNSHOE,WMNFSHSHOE,MNFSHSHOE",,,,,,,,,,,,,,,
shark,"TOYS,SPRTSEQIP,ELECTRNCS,CMPTRACCS,OFFSUPPLIES,HLTHBTY,WMNFSHACCSS,OTHSPRTSSHOE,MNSRUNSHOE,WMNRUNSHOE,WMNFSHSHOE,MNFSHSHOE",,,,,,,,,,,,,,,
liver oil,"TOYS,SPRTSEQIP,ELECTRNCS,CMPTRACCS,OFFSUPPLIES,HLTHBTY,WMNFSHACCSS,OTHSPRTSSHOE,MNSRUNSHOE,WMNRUNSHOE,WMNFSHSHOE,MNFSHSHOE",,,,,,,,,,,,,,,
cartilage,"TOYS,SPRTSEQIP,ELECTRNCS,CMPTRACCS,OFFSUPPLIES,HLTHBTY,WMNFSHACCSS,OTHSPRTSSHOE,MNSRUNSHOE,WMNRUNSHOE,WMNFSHSHOE,MNFSHSHOE",,,,,,,,,,,,,,,
shark cartilage,"TOYS,SPRTSEQIP,ELECTRNCS,CMPTRACCS,OFFSUPPLIES,HLTHBTY,WMNFSHACCSS,OTHSPRTSSHOE,MNSRUNSHOE,WMNRUNSHOE,WMNFSHSHOE,MNFSHSHOE",,,,,,,,,,,,,,,
shuriken,"TOYS,SPRTSEQIP,ELECTRNCS,CMPTRACCS,OFFSUPPLIES,HLTHBTY,WMNFSHACCSS,OTHSPRTSSHOE,MNSRUNSHOE,WMNRUNSHOE,WMNFSHSHOE,MNFSHSHOE",,,,,,,,,,,,,,,
Kung Fu star,"TOYS,SPRTSEQIP,ELECTRNCS,CMPTRACCS,OFFSUPPLIES,HLTHBTY,WMNFSHACCSS,OTHSPRTSSHOE,MNSRUNSHOE,WMNRUNSHOE,WMNFSHSHOE,MNFSHSHOE",,,,,,,,,,,,,,,
cyclone knife,"TOYS,SPRTSEQIP,ELECTRNCS,CMPTRACCS,OFFSUPPLIES,HLTHBTY,WMNFSHACCSS,OTHSPRTSSHOE,MNSRUNSHOE,WMNRUNSHOE,WMNFSHSHOE,MNFSHSHOE",,,,,,,,,,,,,,,
throwing card,"TOYS,SPRTSEQIP,ELECTRNCS,CMPTRACCS,OFFSUPPLIES,HLTHBTY,WMNFSHACCSS,OTHSPRTSSHOE,MNSRUNSHOE,WMNRUNSHOE,WMNFSHSHOE,MNFSHSHOE",,,,,,,,,,,,,,,
fidget,"TOYS,SPRTSEQIP,ELECTRNCS,CMPTRACCS,OFFSUPPLIES,HLTHBTY,WMNFSHACCSS,OTHSPRTSSHOE,MNSRUNSHOE,WMNRUNSHOE,WMNFSHSHOE,MNFSHSHOE",,,,,,,,,,,,,,,
Relief toys,"TOYS,SPRTSEQIP,ELECTRNCS,CMPTRACCS,OFFSUPPLIES,HLTHBTY,WMNFSHACCSS,OTHSPRTSSHOE,MNSRUNSHOE,WMNRUNSHOE,WMNFSHSHOE,MNFSHSHOE",,,,,,,,,,,,,,,
ultimate arms,"TOYS,SPRTSEQIP,ELECTRNCS,CMPTRACCS,OFFSUPPLIES,HLTHBTY,WMNFSHACCSS,OTHSPRTSSHOE,MNSRUNSHOE,WMNRUNSHOE,WMNFSHSHOE,MNFSHSHOE",,,,,,,,,,,,,,,
Snake leather upper,"TOYS,SPRTSEQIP,ELECTRNCS,CMPTRACCS,OFFSUPPLIES,HLTHBTY,WMNFSHACCSS,OTHSPRTSSHOE,MNSRUNSHOE,WMNRUNSHOE,WMNFSHSHOE,MNFSHSHOE",,,,,,,,,,,,,,,
Suede sole,"TOYS,SPRTSEQIP,ELECTRNCS,CMPTRACCS,OFFSUPPLIES,HLTHBTY,WMNFSHACCSS,OTHSPRTSSHOE,MNSRUNSHOE,WMNRUNSHOE,WMNFSHSHOE,MNFSHSHOE",,,,,,,,,,,,,,,
snake,"TOYS,SPRTSEQIP,ELECTRNCS,CMPTRACCS,OFFSUPPLIES,HLTHBTY,WMNFSHACCSS,OTHSPRTSSHOE,MNSRUNSHOE,WMNRUNSHOE,WMNFSHSHOE,MNFSHSHOE",,,,,,,,,,,,,,,
snake & leather,"TOYS,SPRTSEQIP,ELECTRNCS,CMPTRACCS,OFFSUPPLIES,HLTHBTY,WMNFSHACCSS,OTHSPRTSSHOE,MNSRUNSHOE,WMNRUNSHOE,WMNFSHSHOE,MNFSHSHOE",,,,,,,,,,,,,,,
Snare,"TOYS,SPRTSEQIP,ELECTRNCS,CMPTRACCS,OFFSUPPLIES,HLTHBTY,WMNFSHACCSS,OTHSPRTSSHOE,MNSRUNSHOE,WMNRUNSHOE,WMNFSHSHOE,MNFSHSHOE",,,,,,,,,,,,,,,
Spring-assisted knives,"TOYS,SPRTSEQIP,ELECTRNCS,CMPTRACCS,OFFSUPPLIES,HLTHBTY,WMNFSHACCSS,OTHSPRTSSHOE,MNSRUNSHOE,WMNRUNSHOE,WMNFSHSHOE,MNFSHSHOE",,,,,,,,,,,,,,,
Re-manufactured,"TOYS,SPRTSEQIP,ELECTRNCS,CMPTRACCS,OFFSUPPLIES,HLTHBTY,WMNFSHACCSS,OTHSPRTSSHOE,MNSRUNSHOE,WMNRUNSHOE,WMNFSHSHOE,MNFSHSHOE",,,,,,,,,,,,,,,
Reconditioned,"TOYS,SPRTSEQIP,ELECTRNCS,CMPTRACCS,OFFSUPPLIES,HLTHBTY,WMNFSHACCSS,OTHSPRTSSHOE,MNSRUNSHOE,WMNRUNSHOE,WMNFSHSHOE,MNFSHSHOE",,,,,,,,,,,,,,,
Homeopathic Teething,"TOYS,SPRTSEQIP,ELECTRNCS,CMPTRACCS,OFFSUPPLIES,HLTHBTY,WMNFSHACCSS,OTHSPRTSSHOE,MNSRUNSHOE,WMNRUNSHOE,WMNFSHSHOE,MNFSHSHOE",,,,,,,,,,,,,,,
Airgun,"TOYS,SPRTSEQIP,ELECTRNCS,CMPTRACCS,OFFSUPPLIES,HLTHBTY,WMNFSHACCSS,OTHSPRTSSHOE,MNSRUNSHOE,WMNRUNSHOE,WMNFSHSHOE,MNFSHSHOE",,,,,,,,,,,,,,,
Sex toys,"TOYS,SPRTSEQIP,ELECTRNCS,CMPTRACCS,OFFSUPPLIES,HLTHBTY,WMNFSHACCSS,OTHSPRTSSHOE,MNSRUNSHOE,WMNRUNSHOE,WMNFSHSHOE,MNFSHSHOE",,,,,,,,,,,,,,,
tablet or Gel,"TOYS,SPRTSEQIP,ELECTRNCS,CMPTRACCS,OFFSUPPLIES,HLTHBTY,WMNFSHACCSS,OTHSPRTSSHOE,MNSRUNSHOE,WMNRUNSHOE,WMNFSHSHOE,MNFSHSHOE",,,,,,,,,,,,,,,
4 play,"TOYS,SPRTSEQIP,ELECTRNCS,CMPTRACCS,OFFSUPPLIES,HLTHBTY,WMNFSHACCSS,OTHSPRTSSHOE,MNSRUNSHOE,WMNRUNSHOE,WMNFSHSHOE,MNFSHSHOE",,,,,,,,,,,,,,,
Laser- Boresight,"TOYS,SPRTSEQIP,ELECTRNCS,CMPTRACCS,OFFSUPPLIES,HLTHBTY,WMNFSHACCSS,OTHSPRTSSHOE,MNSRUNSHOE,WMNRUNSHOE,WMNFSHSHOE,MNFSHSHOE",,,,,,,,,,,,,,,
Rhino Skin,"TOYS,SPRTSEQIP,ELECTRNCS,CMPTRACCS,OFFSUPPLIES,HLTHBTY,WMNFSHACCSS,OTHSPRTSSHOE,MNSRUNSHOE,WMNRUNSHOE,WMNFSHSHOE,MNFSHSHOE",,,,,,,,,,,,,,,
Gun,"TOYS,SPRTSEQIP,ELECTRNCS,CMPTRACCS,OFFSUPPLIES,HLTHBTY,WMNFSHACCSS,OTHSPRTSSHOE,MNSRUNSHOE,WMNRUNSHOE,WMNFSHSHOE,MNFSHSHOE",,,,,,,,,,,,,,,
Shooting,"TOYS,SPRTSEQIP,ELECTRNCS,CMPTRACCS,OFFSUPPLIES,HLTHBTY,WMNFSHACCSS,OTHSPRTSSHOE,MNSRUNSHOE,WMNRUNSHOE,WMNFSHSHOE,MNFSHSHOE",,,,,,,,,,,,,,,
lizard,"TOYS,SPRTSEQIP,ELECTRNCS,CMPTRACCS,OFFSUPPLIES,HLTHBTY,WMNFSHACCSS,OTHSPRTSSHOE,MNSRUNSHOE,WMNRUNSHOE,WMNFSHSHOE,MNFSHSHOE",,,,,,,,,,,,,,,
cowboy,"TOYS,SPRTSEQIP,ELECTRNCS,CMPTRACCS,OFFSUPPLIES,HLTHBTY,WMNFSHACCSS,OTHSPRTSSHOE,MNSRUNSHOE,WMNRUNSHOE,WMNFSHSHOE,MNFSHSHOE",,,,,,,,,,,,,,,
Calf Skin,"TOYS,SPRTSEQIP,ELECTRNCS,CMPTRACCS,OFFSUPPLIES,HLTHBTY,WMNFSHACCSS,OTHSPRTSSHOE,MNSRUNSHOE,WMNRUNSHOE,WMNFSHSHOE,MNFSHSHOE",,,,,,,,,,,,,,,
Genuine lizard foot,"TOYS,SPRTSEQIP,ELECTRNCS,CMPTRACCS,OFFSUPPLIES,HLTHBTY,WMNFSHACCSS,OTHSPRTSSHOE,MNSRUNSHOE,WMNRUNSHOE,WMNFSHSHOE,MNFSHSHOE",,,,,,,,,,,,,,,
Plastic carry bags,"TOYS,SPRTSEQIP,ELECTRNCS,CMPTRACCS,OFFSUPPLIES,HLTHBTY,WMNFSHACCSS,OTHSPRTSSHOE,MNSRUNSHOE,WMNRUNSHOE,WMNFSHSHOE,MNFSHSHOE",,,,,,,,,,,,,,,
Plastic cling film,"TOYS,SPRTSEQIP,ELECTRNCS,CMPTRACCS,OFFSUPPLIES,HLTHBTY,WMNFSHACCSS,OTHSPRTSSHOE,MNSRUNSHOE,WMNRUNSHOE,WMNFSHSHOE,MNFSHSHOE",,,,,,,,,,,,,,,
Diagnose,"TOYS,SPRTSEQIP,ELECTRNCS,CMPTRACCS,OFFSUPPLIES,HLTHBTY,WMNFSHACCSS,OTHSPRTSSHOE,MNSRUNSHOE,WMNRUNSHOE,WMNFSHSHOE,MNFSHSHOE",,,,,,,,,,,,,,,
Cure,"TOYS,SPRTSEQIP,ELECTRNCS,CMPTRACCS,OFFSUPPLIES,HLTHBTY,WMNFSHACCSS,OTHSPRTSSHOE,MNSRUNSHOE,WMNRUNSHOE,WMNFSHSHOE,MNFSHSHOE",,,,,,,,,,,,,,,
Mitigate,"TOYS,SPRTSEQIP,ELECTRNCS,CMPTRACCS,OFFSUPPLIES,HLTHBTY,WMNFSHACCSS,OTHSPRTSSHOE,MNSRUNSHOE,WMNRUNSHOE,WMNFSHSHOE,MNFSHSHOE",,,,,,,,,,,,,,,
Vegetarian,"TOYS,SPRTSEQIP,ELECTRNCS,CMPTRACCS,OFFSUPPLIES,HLTHBTY,WMNFSHACCSS,OTHSPRTSSHOE,MNSRUNSHOE,WMNRUNSHOE,WMNFSHSHOE,MNFSHSHOE",,,,,,,,,,,,,,,
gu energy,"TOYS,SPRTSEQIP,ELECTRNCS,CMPTRACCS,OFFSUPPLIES,HLTHBTY,WMNFSHACCSS,OTHSPRTSSHOE,MNSRUNSHOE,WMNRUNSHOE,WMNFSHSHOE,MNFSHSHOE",,,,,,,,,,,,,,,
bandage,"TOYS,SPRTSEQIP,ELECTRNCS,CMPTRACCS,OFFSUPPLIES,HLTHBTY,WMNFSHACCSS,OTHSPRTSSHOE,MNSRUNSHOE,WMNRUNSHOE,WMNFSHSHOE,MNFSHSHOE",,,,,,,,,,,,,,,
non-sterile,"TOYS,SPRTSEQIP,ELECTRNCS,CMPTRACCS,OFFSUPPLIES,HLTHBTY,WMNFSHACCSS,OTHSPRTSSHOE,MNSRUNSHOE,WMNRUNSHOE,WMNFSHSHOE,MNFSHSHOE",,,,,,,,,,,,,,,
injury,"TOYS,SPRTSEQIP,ELECTRNCS,CMPTRACCS,OFFSUPPLIES,HLTHBTY,WMNFSHACCSS,OTHSPRTSSHOE,MNSRUNSHOE,WMNRUNSHOE,WMNFSHSHOE,MNFSHSHOE",,,,,,,,,,,,,,,
taping,"TOYS,SPRTSEQIP,ELECTRNCS,CMPTRACCS,OFFSUPPLIES,HLTHBTY,WMNFSHACCSS,OTHSPRTSSHOE,MNSRUNSHOE,WMNRUNSHOE,WMNFSHSHOE,MNFSHSHOE",,,,,,,,,,,,,,,
cohesive tape,"TOYS,SPRTSEQIP,ELECTRNCS,CMPTRACCS,OFFSUPPLIES,HLTHBTY,WMNFSHACCSS,OTHSPRTSSHOE,MNSRUNSHOE,WMNRUNSHOE,WMNFSHSHOE,MNFSHSHOE",,,,,,,,,,,,,,,
injuries,"TOYS,SPRTSEQIP,ELECTRNCS,CMPTRACCS,OFFSUPPLIES,HLTHBTY,WMNFSHACCSS,OTHSPRTSSHOE,MNSRUNSHOE,WMNRUNSHOE,WMNFSHSHOE,MNFSHSHOE",,,,,,,,,,,,,,,
gauze,"TOYS,SPRTSEQIP,ELECTRNCS,CMPTRACCS,OFFSUPPLIES,HLTHBTY,WMNFSHACCSS,OTHSPRTSSHOE,MNSRUNSHOE,WMNRUNSHOE,WMNFSHSHOE,MNFSHSHOE",,,,,,,,,,,,,,,
thermerino,"TOYS,SPRTSEQIP,ELECTRNCS,CMPTRACCS,OFFSUPPLIES,HLTHBTY,WMNFSHACCSS,OTHSPRTSSHOE,MNSRUNSHOE,WMNRUNSHOE,WMNFSHSHOE,MNFSHSHOE",,,,,,,,,,,,,,,
wetsuits,"TOYS,SPRTSEQIP,ELECTRNCS,CMPTRACCS,OFFSUPPLIES,HLTHBTY,WMNFSHACCSS,OTHSPRTSSHOE,MNSRUNSHOE,WMNRUNSHOE,WMNFSHSHOE,MNFSHSHOE",,,,,,,,,,,,,,,
neill,"TOYS,SPRTSEQIP,ELECTRNCS,CMPTRACCS,OFFSUPPLIES,HLTHBTY,WMNFSHACCSS,OTHSPRTSSHOE,MNSRUNSHOE,WMNRUNSHOE,WMNFSHSHOE,MNFSHSHOE",,,,,,,,,,,,,,,
OTC,"TOYS,SPRTSEQIP,ELECTRNCS,CMPTRACCS,OFFSUPPLIES,HLTHBTY,WMNFSHACCSS,OTHSPRTSSHOE,MNSRUNSHOE,WMNRUNSHOE,WMNFSHSHOE,MNFSHSHOE",,,,,,,,,,,,,,,
Drug,"TOYS,SPRTSEQIP,ELECTRNCS,CMPTRACCS,OFFSUPPLIES,HLTHBTY,WMNFSHACCSS,OTHSPRTSSHOE,MNSRUNSHOE,WMNRUNSHOE,WMNFSHSHOE,MNFSHSHOE",,,,,,,,,,,,,,,
smithkline,"TOYS,SPRTSEQIP,ELECTRNCS,CMPTRACCS,OFFSUPPLIES,HLTHBTY,WMNFSHACCSS,OTHSPRTSSHOE,MNSRUNSHOE,WMNRUNSHOE,WMNFSHSHOE,MNFSHSHOE",,,,,,,,,,,,,,,
weapon,"TOYS,SPRTSEQIP,ELECTRNCS,CMPTRACCS,OFFSUPPLIES,HLTHBTY,WMNFSHACCSS,OTHSPRTSSHOE,MNSRUNSHOE,WMNRUNSHOE,WMNFSHSHOE,MNFSHSHOE",,,,,,,,,,,,,,,
spear,"TOYS,SPRTSEQIP,ELECTRNCS,CMPTRACCS,OFFSUPPLIES,HLTHBTY,WMNFSHACCSS,OTHSPRTSSHOE,MNSRUNSHOE,WMNRUNSHOE,WMNFSHSHOE,MNFSHSHOE",,,,,,,,,,,,,,,
firearm,"TOYS,SPRTSEQIP,ELECTRNCS,CMPTRACCS,OFFSUPPLIES,HLTHBTY,WMNFSHACCSS,OTHSPRTSSHOE,MNSRUNSHOE,WMNRUNSHOE,WMNFSHSHOE,MNFSHSHOE",,,,,,,,,,,,,,,
fire arms,"TOYS,SPRTSEQIP,ELECTRNCS,CMPTRACCS,OFFSUPPLIES,HLTHBTY,WMNFSHACCSS,OTHSPRTSSHOE,MNSRUNSHOE,WMNRUNSHOE,WMNFSHSHOE,MNFSHSHOE",,,,,,,,,,,,,,,
syringe,"TOYS,SPRTSEQIP,ELECTRNCS,CMPTRACCS,OFFSUPPLIES,HLTHBTY,WMNFSHACCSS,OTHSPRTSSHOE,MNSRUNSHOE,WMNRUNSHOE,WMNFSHSHOE,MNFSHSHOE",,,,,,,,,,,,,,,
chain whip,"TOYS,SPRTSEQIP,ELECTRNCS,CMPTRACCS,OFFSUPPLIES,HLTHBTY,WMNFSHACCSS,OTHSPRTSSHOE,MNSRUNSHOE,WMNRUNSHOE,WMNFSHSHOE,MNFSHSHOE",,,,,,,,,,,,,,,
whip,"TOYS,SPRTSEQIP,ELECTRNCS,CMPTRACCS,OFFSUPPLIES,HLTHBTY,WMNFSHACCSS,OTHSPRTSSHOE,MNSRUNSHOE,WMNRUNSHOE,WMNFSHSHOE,MNFSHSHOE",,,,,,,,,,,,,,,
bayonet,"TOYS,SPRTSEQIP,ELECTRNCS,CMPTRACCS,OFFSUPPLIES,HLTHBTY,WMNFSHACCSS,OTHSPRTSSHOE,MNSRUNSHOE,WMNRUNSHOE,WMNFSHSHOE,MNFSHSHOE",,,,,,,,,,,,,,,
tablets,"TOYS,SPRTSEQIP,ELECTRNCS,CMPTRACCS,OFFSUPPLIES,HLTHBTY,WMNFSHACCSS,OTHSPRTSSHOE,MNSRUNSHOE,WMNRUNSHOE,WMNFSHSHOE,MNFSHSHOE",,,,,,,,,,,,,,,
Medical application,"TOYS,SPRTSEQIP,ELECTRNCS,CMPTRACCS,OFFSUPPLIES,HLTHBTY,WMNFSHACCSS,OTHSPRTSSHOE,MNSRUNSHOE,WMNRUNSHOE,WMNFSHSHOE,MNFSHSHOE",,,,,,,,,,,,,,,
health supplement,"TOYS,SPRTSEQIP,ELECTRNCS,CMPTRACCS,OFFSUPPLIES,HLTHBTY,WMNFSHACCSS,OTHSPRTSSHOE,MNSRUNSHOE,WMNRUNSHOE,WMNFSHSHOE,MNFSHSHOE",,,,,,,,,,,,,,,
dietary supplement,"TOYS,SPRTSEQIP,ELECTRNCS,CMPTRACCS,OFFSUPPLIES,HLTHBTY,WMNFSHACCSS,OTHSPRTSSHOE,MNSRUNSHOE,WMNRUNSHOE,WMNFSHSHOE,MNFSHSHOE",,,,,,,,,,,,,,,
Medical device,"TOYS,SPRTSEQIP,ELECTRNCS,CMPTRACCS,OFFSUPPLIES,HLTHBTY,WMNFSHACCSS,OTHSPRTSSHOE,MNSRUNSHOE,WMNRUNSHOE,WMNFSHSHOE,MNFSHSHOE",,,,,,,,,,,,,,,
snares,"TOYS,SPRTSEQIP,ELECTRNCS,CMPTRACCS,OFFSUPPLIES,HLTHBTY,WMNFSHACCSS,OTHSPRTSSHOE,MNSRUNSHOE,WMNRUNSHOE,WMNFSHSHOE,MNFSHSHOE",,,,,,,,,,,,,,,
Rhino,"TOYS,SPRTSEQIP,ELECTRNCS,CMPTRACCS,OFFSUPPLIES,HLTHBTY,WMNFSHACCSS,OTHSPRTSSHOE,MNSRUNSHOE,WMNRUNSHOE,WMNFSHSHOE,MNFSHSHOE",,,,,,,,,,,,,,,
Refinished,"TOYS,SPRTSEQIP,ELECTRNCS,CMPTRACCS,OFFSUPPLIES,HLTHBTY,WMNFSHACCSS,OTHSPRTSSHOE,MNSRUNSHOE,WMNRUNSHOE,WMNFSHSHOE,MNFSHSHOE",,,,,,,,,,,,,,,
Re-finished,"TOYS,SPRTSEQIP,ELECTRNCS,CMPTRACCS,OFFSUPPLIES,HLTHBTY,WMNFSHACCSS,OTHSPRTSSHOE,MNSRUNSHOE,WMNRUNSHOE,WMNFSHSHOE,MNFSHSHOE",,,,,,,,,,,,,,,
Leathers,"TOYS,SPRTSEQIP,ELECTRNCS,CMPTRACCS,OFFSUPPLIES,HLTHBTY,WMNFSHACCSS,OTHSPRTSSHOE,MNSRUNSHOE,WMNRUNSHOE,WMNFSHSHOE,MNFSHSHOE",,,,,,,,,,,,,,,
